name,ave_retweet,ave_favorite,retweet_count,favorite_count,tweet_count,state,district_N,party,abbreviation,district_key
Aaron Swisher,3.1632653061224483,5.566326530612245,620,1091,196,Idaho,02,Democratic,ID,ID-02
Abby Finkenauer,23.77179487179487,77.4076923076923,9271,30189,390,Iowa,01,Democratic,IA,IA-01
Abigail Spanberger,29.395604395604394,75.64497041420118,34775,89488,1183,Virginia,07,Democratic,VA,VA-07
Adam Kinzinger,10.333333333333334,27.444444444444446,279,741,27,Illinois,16,Republican,IL,IL-16
Adam Smith,1.524590163934426,6.202185792349727,279,1135,183,Washington,09,Democratic,WA,WA-09
Adriano Espaillat,9.25,42.25,74,338,8,New York,13,Democratic,NY,NY-13
Adrienne Bell,17.7882096069869,37.97307132459971,24441,52175,1374,Texas,14,Democratic,TX,TX-14
Aftab Pureval,49.841791044776116,183.66268656716414,16697,61527,335,Ohio,01,Democratic,OH,OH-01
Aja Smith,48.15105162523901,65.2906309751434,50366,68294,1046,California,41,Republican,CA,CA-41
Alan LaPolice,3.771929824561404,7.0701754385964914,215,403,57,Kansas,01,Democratic,KS,KS-01
Alan Lowenthal,0.7063106796116505,1.9466019417475728,291,802,412,California,47,Democratic,CA,CA-47
Alexander Mooney,2.293333333333333,6.3066666666666675,172,473,75,West Virginia,02,Republican,WV,WV-02
Alexandria Ocasio-Cortez,716.1731620903453,3512.950841452613,1617119,7932243,2258,New York,14,Democratic,NY,NY-14
Alfred Lawson,0.4822695035460993,1.2624113475177303,68,178,141,Florida,05,Democratic,FL,FL-05
Alma Adams,3.0,9.333333333333334,27,84,9,North Carolina,12,Democratic,NC,NC-12
Alyse Galvin,6.543367346938775,19.433673469387763,2565,7618,392,Alaska,00,Democratic,AK,AK-00
Ameer Benno,0.6699507389162561,1.5467980295566504,136,314,203,New York,04,Republican,NY,NY-04
Ami Bera,3.9283018867924526,7.856603773584906,1041,2082,265,California,07,Democratic,CA,CA-07
Amie Hoeber,0.5194805194805194,2.415584415584416,40,186,77,Maryland,06,Republican,MD,MD-06
Ammar Campa-Najjar,71.59370078740156,210.17480314960633,45462,133461,635,California,50,Democratic,CA,CA-50
Amy McGrath,148.87246376811598,562.472463768116,154083,582159,1035,Kentucky,06,Democratic,KY,KY-06
Andie Saizan,1.743119266055046,3.5825688073394497,380,781,218,Louisiana,06,Democratic,LA,LA-06
Andre Carson,2.4468085106382977,6.595744680851063,115,310,47,Indiana,07,Democratic,IN,IN-07
Andrew Grant,1.4923076923076923,3.9179487179487182,582,1528,390,California,07,Republican,CA,CA-07
Andrew Janz,772.5857487922707,1755.1497584541062,1279402,2906528,1656,California,22,Democratic,CA,CA-22
Andrew Kim,36.5982905982906,95.25128205128205,21410,55722,585,New Jersey,03,Democratic,NJ,NJ-03
Andy Barr,11.054347826086957,28.39855072463768,3051,7838,276,Kentucky,06,Republican,KY,KY-06
Andy Biggs,9.95,22.88333333333333,597,1373,60,Arizona,05,Republican,AZ,AZ-05
Andy Levin,2.9239436619718315,8.033802816901407,1038,2852,355,Michigan,09,Democratic,MI,MI-09
Angel Cadena,0.2898550724637681,0.6376811594202898,20,44,69,Connecticut,03,Republican,CT,CT-03
Angie Craig,22.66866028708134,71.20813397129187,18951,59530,836,Minnesota,02,Democratic,MN,MN-02
Anita Malik,9.282644628099174,21.747107438016528,5616,13157,605,Arizona,06,Democratic,AZ,AZ-06
Ann Kirkpatrick,10.297814207650273,28.387978142076502,3769,10390,366,Arizona,02,Democratic,AZ,AZ-02
Ann Wagner,5.418604651162791,17.941860465116278,466,1543,86,Missouri,02,Republican,MO,MO-02
Anna Eshoo,0.3636363636363637,1.4545454545454546,4,16,11,California,18,Democratic,CA,CA-18
Annie Kuster,4.3359375,12.5625,555,1608,128,New Hampshire,02,Democratic,NH,NH-02
Anthony Brindisi,22.6156462585034,65.01190476190476,13298,38227,588,New York,22,Democratic,NY,NY-22
Anthony Brown,5.0625,14.75,81,236,16,Maryland,04,Democratic,MD,MD-04
Anthony Flaccavento,3.9148073022312375,11.614604462474643,1930,5726,493,Virginia,09,Democratic,VA,VA-09
Anthony Gonzalez,8.314878892733564,66.93425605536332,2403,19344,289,Ohio,16,Republican,OH,OH-16
Antonio Delgado,14.779231398201144,46.60670482420279,18075,57000,1223,New York,19,Democratic,NY,NY-19
Antonio Sabato Jr.,35.73,84.83,3573,8483,100,California,26,Republican,CA,CA-26
Archie Parnell,91.38596491228071,157.44444444444446,31254,53846,342,South Carolina,05,Democratic,SC,SC-05
Art Robinson,1.9285714285714288,2.4107142857142856,108,135,56,Oregon,04,Republican,OR,OR-04
Audrey Denney,18.288,43.824,6858,16434,375,California,01,Democratic,CA,CA-01
Ava Pate,4.557971014492754,6.8731884057971016,3774,5691,828,Texas,18,Republican,TX,TX-18
Ayanna Pressley,21.81531853972799,94.20830350751609,30476,131609,1397,Massachusetts,07,Democratic,MA,MA-07
Barbara Comstock,9.063613231552162,24.964376590330787,3562,9811,393,Virginia,10,Republican,VA,VA-10
Barbara Lee,5.977829638273046,19.18086347724621,5123,16438,857,California,13,Democratic,CA,CA-13
Barry Loudermilk,1.0842105263157895,4.378947368421053,103,416,95,Georgia,11,Republican,GA,GA-11
Beau Liegeois,6.316582914572863,14.597989949748746,1257,2905,199,Wisconsin,08,Democratic,WI,WI-08
Ben Cline,65.44029850746269,152.3208955223881,8769,20411,134,Virginia,06,Republican,VA,VA-06
Ben McAdams,20.230088495575217,81.23893805309734,2286,9180,113,Utah,04,Democratic,UT,UT-04
Ben Ray Lujan,4.155172413793103,13.39655172413793,241,777,58,New Mexico,03,Democratic,NM,NM-03
Betsy Londrigan,19.035190615835774,54.29032258064516,6491,18513,341,Illinois,13,Democratic,IL,IL-13
Betsy Rader,17.944816053511705,39.986622073578594,10731,23912,598,Ohio,14,Democratic,OH,OH-14
Betty McCollum,1.9832134292565948,3.4556354916067145,827,1441,417,Minnesota,04,Democratic,MN,MN-04
Beverly Goldstein,36.348979591836745,44.05510204081633,17811,21587,490,Ohio,11,Republican,OH,OH-11
Bibiana Boerio,11.82474226804124,20.958762886597942,1147,2033,97,Pennsylvania,14,Democratic,PA,PA-14
Bill Flores,1.1111111111111112,2.3641975308641974,360,766,324,Texas,17,Republican,TX,TX-17
Bill Foster,0.8,2.8,28,98,35,Illinois,11,Democratic,IL,IL-11
Bill Johnson,0.75,3.430555555555556,54,247,72,Ohio,06,Republican,OH,OH-06
Bill Keating,2.9285714285714284,6.982142857142858,164,391,56,Massachusetts,09,Democratic,MA,MA-09
Bill Pascrell,1.25,5.5,10,44,8,New Jersey,09,Democratic,NJ,NJ-09
Billy Long,0.38333333333333336,1.7916666666666667,92,430,240,Missouri,07,Republican,MO,MO-07
Blaine Luetkemeyer,1.1448275862068966,3.5517241379310347,166,515,145,Missouri,03,Republican,MO,MO-03
Bob Gibbs,2.3714285714285714,5.7714285714285705,83,202,35,Ohio,07,Republican,OH,OH-07
Bob Latta,0.9680851063829788,3.265957446808511,91,307,94,Ohio,05,Republican,OH,OH-05
Bob Rackleff,1.4705882352941178,3.6068111455108363,475,1165,323,Florida,02,Democratic,FL,FL-02
Bobby Scott,7.0769230769230775,19.30769230769231,92,251,13,Virginia,03,Democratic,VA,VA-03
Brad Schneider,2.716049382716049,13.08641975308642,220,1060,81,Illinois,10,Democratic,IL,IL-10
Brad Wenstrup,1.934523809523809,10.357142857142858,325,1740,168,Ohio,02,Republican,OH,OH-02
Bradley Byrne,1.7424242424242424,5.318181818181818,115,351,66,Alabama,01,Republican,AL,AL-01
Brandon Brown,4.298969072164948,5.8298969072164954,834,1131,194,South Carolina,04,Democratic,SC,SC-04
Brenda Lawrence,5.411347517730497,17.77304964539007,763,2506,141,Michigan,14,Democratic,MI,MI-14
Brendan Kelly,10.469072164948452,27.371134020618552,4062,10620,388,Illinois,12,Democratic,IL,IL-12
Brent Ottaway,8.018867924528301,13.679245283018869,425,725,53,Pennsylvania,13,Democratic,PA,PA-13
Brett Guthrie,1.0,8.0,9,72,9,Kentucky,02,Republican,KY,KY-02
Brian Babin,0.20689655172413796,2.896551724137931,6,84,29,Texas,36,Republican,TX,TX-36
Brian Evans,1.345,6.275,269,1255,200,Hawaii,02,Republican,HI,HI-02
Brian Fitzpatrick,2.993506493506493,7.454545454545454,461,1148,154,Pennsylvania,01,Republican,PA,PA-01
Brian Higgins,2.2,8.8,44,176,20,New York,26,Democratic,NY,NY-26
Brian Mast,16.857142857142858,43.35714285714285,236,607,14,Florida,18,Republican,FL,FL-18
Bruce Poliquin,9.333333333333334,23.5,112,282,12,Maine,02,Republican,ME,ME-02
Bruce Westerman,0.554945054945055,2.5824175824175826,101,470,182,Arkansas,04,Republican,AR,AR-04
Bryan Leib,0.5630733944954128,2.853211009174312,982,4976,1744,Pennsylvania,03,Republican,PA,PA-03
Bryan Steil,2.175059952038369,10.585131894484412,907,4414,417,Wisconsin,01,Republican,WI,WI-01
Bryan Witt,6.144796380090496,14.294117647058822,1358,3159,221,California,27,Democratic,CA,CA-27
Cam Cavasso,2.0769230769230766,2.8461538461538463,27,37,13,Hawaii,01,Republican,HI,HI-01
Candius Stearns,2.2098765432098766,7.216049382716049,358,1169,162,Michigan,09,Republican,MI,MI-09
Carlos Curbelo,13.415441176470587,34.492647058823536,7298,18764,544,Florida,26,Republican,FL,FL-26
Carol Miller,9.959016393442624,19.9344262295082,1215,2432,122,West Virginia,03,Republican,WV,WV-03
Carolyn Bourdeaux,55.72,89.03384615384616,36218,57872,650,Georgia,07,Democratic,GA,GA-07
Carolyn Long,23.302486187845307,51.80110497237569,16871,37504,724,Washington,03,Democratic,WA,WA-03
Carolyn Maloney,62.14545454545455,122.5050505050505,30762,60640,495,New York,12,Democratic,NY,NY-12
Casper Stockham,1.7894736842105263,8.709382151029747,782,3806,437,Colorado,01,Republican,CO,CO-01
Catherine Krantz,2.769881556683587,4.959390862944162,1637,2931,591,Texas,04,Democratic,TX,TX-04
Cathy Albro,3.0795454545454546,11.022727272727273,271,970,88,Michigan,03,Democratic,MI,MI-03
Cathy McMorris Rodgers,2.453488372093023,8.906976744186048,844,3064,344,Washington,05,Republican,WA,WA-05
Cedric Richmond,2.5,9.788461538461537,130,509,52,Louisiana,02,Democratic,LA,LA-02
Charles Fleischmann,0.9836065573770492,4.0163934426229515,60,245,61,Tennessee,03,Republican,TN,TN-03
Charlie Crist,14.66326530612245,69.78571428571429,1437,6839,98,Florida,13,Democratic,FL,FL-13
Charlotte Bergmann,12.921725239616613,16.457667731629392,16178,20605,1252,Tennessee,09,Republican,TN,TN-09
Cheri Bustos,6.807017543859649,20.350877192982455,776,2320,114,Illinois,17,Democratic,IL,IL-17
Chintan Desai,9.765753424657532,22.424657534246574,7129,16370,730,Arkansas,01,Democratic,AR,AR-01
Chip Roy,6.289638932496076,17.277864992150707,8013,22012,1274,Texas,21,Republican,TX,TX-21
Chris Collins,5.258064516129032,16.774193548387096,163,520,31,New York,27,Republican,NY,NY-27
Chris Hunter,13.46056782334385,27.99369085173501,4267,8874,317,Florida,12,Democratic,FL,FL-12
Chris Pappas,9.834454912516824,27.47106325706595,7307,20411,743,New Hampshire,01,Democratic,NH,NH-01
Chris Peters,0.7317073170731707,3.1463414634146343,60,258,82,Iowa,02,Republican,IA,IA-02
Chris Stewart,1.4038461538461535,4.346153846153847,146,452,104,Utah,02,Republican,UT,UT-02
Chrissy Houlahan,49.79552715654952,145.69009584664536,15586,45601,313,Pennsylvania,06,Democratic,PA,PA-06
Christian Valiente,1.21875,2.614583333333333,117,251,96,California,35,Republican,CA,CA-35
Christine Brown,15.175141242937851,30.084745762711865,2686,5325,177,Washington,04,Democratic,WA,WA-04
Christopher DePizzo,2.3865546218487395,6.651260504201682,1136,3166,476,Ohio,13,Republican,OH,OH-13
Chuck Enderlin,3.207612456747405,5.698961937716263,1854,3294,578,Georgia,03,Democratic,GA,GA-03
Cindy Axne,12.015625,30.71354166666667,4614,11794,384,Iowa,03,Democratic,IA,IA-03
Clarke Tucker,13.5247311827957,45.529032258064525,6289,21171,465,Arkansas,02,Democratic,AR,AR-02
Claudia Tenney,7.7784810126582276,21.104430379746834,2458,6669,316,New York,22,Republican,NY,NY-22
Clay Higgins,3.5,6.5,14,26,4,Louisiana,03,Republican,LA,LA-03
Clint Koble,4.889570552147238,7.975460122699388,797,1300,163,Nevada,02,Democratic,NV,NV-02
Colin Allred,28.7723292469352,90.72154115586692,16429,51802,571,Texas,32,Democratic,TX,TX-32
Collin Peterson,6.421052631578947,17.789473684210527,122,338,19,Minnesota,07,Democratic,MN,MN-07
Conor Lamb,1005.7311827956987,2804.903225806452,280599,782568,279,Pennsylvania,17,Democratic,PA,PA-17
Cort VanOstran,16.561448900388097,54.382923673997404,12802,42038,773,Missouri,02,Democratic,MO,MO-02
Courtney Tritch,8.42962962962963,20.479629629629628,4552,11059,540,Indiana,03,Democratic,IN,IN-03
Craig Cameron,2.9230769230769234,7.9230769230769225,38,103,13,Illinois,07,Republican,IL,IL-07
Cresent Hardy,3.533333333333333,12.013333333333335,265,901,75,Nevada,04,Republican,NV,NV-04
Dan David,1.3532338308457712,3.3582089552238807,272,675,201,Pennsylvania,04,Republican,PA,PA-04
Dan DeBono,104.12814070351759,247.35175879396985,41443,98446,398,New York,03,Republican,NY,NY-03
Dan Feehan,20.257294429708224,57.89655172413793,7637,21827,377,Minnesota,01,Democratic,MN,MN-01
Dan Kildee,12.309859154929578,36.697183098591545,1748,5211,142,Michigan,05,Democratic,MI,MI-05
Dan Kohl,15.480978260869565,26.77173913043478,5697,9852,368,Wisconsin,06,Democratic,WI,WI-06
Dan McCready,30.276470588235288,85.67647058823529,10294,29130,340,North Carolina,09,Democratic,NC,NC-09
Dan Meuser,1.0546623794212218,4.163987138263666,328,1295,311,Pennsylvania,09,Republican,PA,PA-09
Dan Wood,8.0,15.290322580645164,1488,2844,186,Texas,05,Democratic,TX,TX-05
Dana Balter,12.982000000000001,35.8,6491,17900,500,New York,24,Democratic,NY,NY-24
Dana Rohrabacher,52.92156862745098,120.05882352941177,2699,6123,51,California,48,Republican,CA,CA-48
Daniel Crenshaw,30.983870967741932,98.04838709677419,7684,24316,248,Texas,02,Republican,TX,TX-02
Daniel Donovan,7.44,19.96,2232,5988,300,New York,11,Republican,NY,NY-11
Danielle Mitchell,13.899103139013453,30.706278026905828,6199,13695,446,Tennessee,03,Democratic,TN,TN-03
Danner Kline,23.058282208588963,52.25153374233128,7517,17034,326,Alabama,06,Democratic,AL,AL-06
Danny O'Connor,163.34470588235294,412.4682352941177,138843,350598,850,Ohio,12,Democratic,OH,OH-12
Danny Tarkanian,19.785813630041726,45.44089012517385,14226,32672,719,Nevada,03,Republican,NV,NV-03
Darren Soto,6.366666666666666,19.291666666666668,764,2315,120,Florida,09,Democratic,FL,FL-09
Daryl Kipnis,16.097995545657014,33.51447661469933,7228,15048,449,New Jersey,12,Republican,NJ,NJ-12
Dave Hughes,85.01033591731266,133.19379844961242,32899,51546,387,Minnesota,07,Republican,MN,MN-07
Dave Loebsack,4.617647058823528,16.823529411764707,157,572,34,Iowa,02,Democratic,IA,IA-02
David Brat,29.100456621004568,67.35616438356165,6373,14751,219,Virginia,07,Republican,VA,VA-07
David Brill,15.059405940594061,35.02121640735502,10647,24760,707,Arizona,04,Democratic,AZ,AZ-04
David Cicilline,112.04432132963987,365.2012927054478,121344,395513,1083,Rhode Island,01,Democratic,RI,RI-01
David Holden,24.710526315789476,68.95215311004786,10329,28822,418,Florida,19,Democratic,FL,FL-19
David Kustoff,5.313432835820897,16.28358208955224,356,1091,67,Tennessee,08,Republican,TN,TN-08
David Rouzer,1.3,1.91,130,191,100,North Carolina,07,Republican,NC,NC-07
David Schweikert,3.4,7.0,17,35,5,Arizona,06,Republican,AZ,AZ-06
David Shapiro,42.75675675675676,71.47297297297297,9492,15867,222,Florida,16,Democratic,FL,FL-16
David Smalling,0.45,0.86,45,86,100,Texas,35,Republican,TX,TX-35
David Trone,39.38785046728972,121.71495327102804,16858,52094,428,Maryland,06,Democratic,MD,MD-06
David Wilson Brown,7.313253012048192,9.771084337349398,1214,1622,166,North Carolina,10,Democratic,NC,NC-10
David Young,3.4940476190476186,11.482142857142858,587,1929,168,Iowa,03,Republican,IA,IA-03
Dawn Barlow,6.562867215041129,15.592244418331376,5585,13269,851,Tennessee,06,Democratic,TN,TN-06
Dayna Steele,7.838655462184874,24.02436974789916,18656,57178,2380,Texas,36,Democratic,TX,TX-36
Dean Phillips,58.429467084639505,185.06896551724137,18639,59037,319,Minnesota,03,Democratic,MN,MN-03
Debbie Dingell,3.0,13.0,48,208,16,Michigan,12,Democratic,MI,MI-12
Debbie Lesko,11.429667519181585,23.10997442455243,4469,9036,391,Arizona,08,Republican,AZ,AZ-08
Debbie Mucarsel-Powell,20.661625708884692,51.27599243856333,10930,27125,529,Florida,26,Democratic,FL,FL-26
Debbie Wasserman Schultz,58.88947368421053,207.28947368421046,11189,39385,190,Florida,23,Democratic,FL,FL-23
Debra Haaland,32.757620817843865,81.41710037174721,44059,109506,1345,New Mexico,01,Democratic,NM,NM-01
Dee Thornton,7.465408805031448,24.48427672955975,1187,3893,159,Indiana,05,Democratic,IN,IN-05
Denise Adams,36.27443609022557,56.12406015037594,38596,59716,1064,North Carolina,05,Democratic,NC,NC-05
Denny Wolff,4.69465648854962,5.6603053435114505,1230,1483,262,Pennsylvania,09,Democratic,PA,PA-09
Denver Riggleman,7.987804878048781,20.969512195121947,2620,6878,328,Virginia,05,Republican,VA,VA-05
Derek Kilmer,0.9097744360902256,2.954887218045113,121,393,133,Washington,06,Democratic,WA,WA-06
Diana DeGette,1.7391304347826086,5.434782608695652,80,250,46,Colorado,01,Democratic,CO,CO-01
Diane Harkey,14.133333333333333,25.466666666666665,636,1146,45,California,49,Republican,CA,CA-49
Diane Mitsch Bush,4.073099415204679,11.064327485380117,1393,3784,342,Colorado,03,Democratic,CO,CO-03
Dino Rossi,11.533333333333333,36.77777777777778,1038,3310,90,Washington,08,Republican,WA,WA-08
Don Young,0.6666666666666666,4.533333333333333,10,68,15,Alaska,00,Republican,AK,AK-00
Donald McEachin,4.47457627118644,11.8135593220339,264,697,59,Virginia,04,Democratic,VA,VA-04
Donald Norcross,0.7114093959731543,3.093959731543624,106,461,149,New Jersey,01,Democratic,NJ,NJ-01
Donna Shalala,63.52530120481928,167.99036144578312,26363,69716,415,Florida,27,Democratic,FL,FL-27
Doris Matsui,0.9901960784313726,3.9607843137254894,101,404,102,California,06,Democratic,CA,CA-06
Doug Bennett,1.3456790123456788,2.3580246913580245,109,191,81,Illinois,10,Republican,IL,IL-10
Doug Collins,9.760416666666666,28.65625,1874,5502,192,Georgia,09,Republican,GA,GA-09
Doug LaMalfa,3.5,7.583333333333332,42,91,12,California,01,Republican,CA,CA-01
Drew Ferguson,1.5384615384615383,5.846153846153847,80,304,52,Georgia,03,Republican,GA,GA-03
Dusty Johnson,1.9318181818181817,9.681818181818182,85,426,44,South Dakota,00,Republican,SD,SD-00
Dwight Evans,4.298472385428907,7.188014101057579,3658,6117,851,Pennsylvania,03,Democratic,PA,PA-03
"Earl ""Buddy"" Carter",1.6666666666666667,3.5733333333333333,125,268,75,Georgia,01,Republican,GA,GA-01
Earl Blumenauer,50.6705069124424,160.11290322580646,21991,69489,434,Oregon,03,Democratic,OR,OR-03
Ed Perlmutter,4.53030303030303,13.712121212121213,598,1810,132,Colorado,07,Democratic,CO,CO-07
Eddie Edwards,15.103797468354433,29.47848101265823,5966,11644,395,New Hampshire,01,Republican,NH,NH-01
Elaine Luria,28.31934731934732,73.87179487179488,12149,31691,429,Virginia,02,Democratic,VA,VA-02
Elijah Cummings,2.28125,4.21875,73,135,32,Maryland,07,Democratic,MD,MD-07
Elise Stefanik,4.67158671586716,21.865313653136525,2532,11851,542,New York,21,Republican,NY,NY-21
Elissa Slotkin,53.87290969899666,136.62876254180605,16108,40852,299,Michigan,08,Democratic,MI,MI-08
Elizabeth Heng,95.50943396226415,190.20754716981133,20248,40324,212,California,16,Republican,CA,CA-16
Emanuel Cleaver,1.1403508771929824,2.8421052631578947,260,648,228,Missouri,05,Democratic,MO,MO-05
Eric Holguin,14.64,29.855,2928,5971,200,Texas,27,Democratic,TX,TX-27
Eric Swalwell,73.29498525073747,190.7212389380531,49694,129309,678,California,15,Democratic,CA,CA-15
Erik Paulsen,5.403361344537816,14.983193277310926,643,1783,119,Minnesota,03,Republican,MN,MN-03
Flynn Broady Jr.,4.692946058091287,5.551867219917011,1131,1338,241,Georgia,11,Democratic,GA,GA-11
Francis Rooney,0.7046979865771812,2.785234899328859,105,415,149,Florida,19,Republican,FL,FL-19
Francys Johnson,3.8777292576419216,8.179039301310043,888,1873,229,Georgia,12,Democratic,GA,GA-12
Frank McNeill,5.899328859060402,14.228187919463089,879,2120,149,North Carolina,08,Democratic,NC,NC-08
Frank Pallone,3.1686746987951806,9.554216867469881,263,793,83,New Jersey,06,Democratic,NJ,NJ-06
Fred Upton,1.1384615384615384,5.746153846153847,148,747,130,Michigan,06,Republican,MI,MI-06
French Hill,3.8524590163934422,11.081967213114755,235,676,61,Arkansas,02,Republican,AR,AR-02
Garret Graves,0.5714285714285714,6.0,4,42,7,Louisiana,06,Republican,LA,LA-06
Gary Palmer,2.1578947368421053,7.473684210526316,82,284,38,Alabama,06,Republican,AL,AL-06
George Buck,0.4526315789473685,1.4105263157894736,43,134,95,Florida,13,Republican,FL,FL-13
George McDermott,0.043478260869565216,0.39130434782608703,1,9,23,Maryland,04,Republican,MD,MD-04
George Scott,6.701711491442543,14.58924205378973,2741,5967,409,Pennsylvania,10,Democratic,PA,PA-10
Gerald Connolly,6.564102564102564,15.153846153846152,256,591,39,Virginia,11,Democratic,VA,VA-11
Ges Selmont,3.8203125,7.859375,489,1006,128,Florida,04,Democratic,FL,FL-04
Gil Cisneros,16.78197997775306,32.80422691879866,15087,29491,899,California,39,Democratic,CA,CA-39
Gina Ortiz Jones,46.26627218934911,115.67455621301777,15638,39098,338,Texas,23,Democratic,TX,TX-23
Glenn Grothman,0.9698275862068966,2.0086206896551726,225,466,232,Wisconsin,06,Republican,WI,WI-06
Glenn Thompson,0.16517857142857142,0.29017857142857145,37,65,224,Pennsylvania,15,Republican,PA,PA-15
Grace Meng,10.486177311725454,33.780743565300284,11000,35436,1049,New York,06,Democratic,NY,NY-06
Greg Gianforte,37.34782608695652,169.7826086956522,859,3905,23,Montana,00,Republican,MT,MT-00
Greg McCauley,4.481012658227848,5.0316455696202524,708,795,158,Pennsylvania,06,Republican,PA,PA-06
Greg Pence,6.002832861189803,23.297450424929174,2119,8224,353,Indiana,06,Republican,IN,IN-06
Greg Ryan,3.21875,6.65625,103,213,32,Minnesota,04,Republican,MN,MN-04
Greg Steube,13.538461538461537,45.57692307692307,352,1185,26,Florida,17,Republican,FL,FL-17
Greg Walden,5.5,9.5,11,19,2,Oregon,02,Republican,OR,OR-02
Gretchen Driskell,4.404255319148937,17.212765957446813,1035,4045,235,Michigan,07,Democratic,MI,MI-07
Guy Reschenthaler,1.3,5.7625,104,461,80,Pennsylvania,14,Republican,PA,PA-14
Gwen Moore,5.438679245283018,16.20754716981132,1153,3436,212,Wisconsin,04,Democratic,WI,WI-04
Hakeem Jeffries,2.4444444444444446,6.888888888888888,22,62,9,New York,08,Democratic,NY,NY-08
Haley Stevens,12.736493936052922,38.922822491730976,11552,35303,907,Michigan,11,Democratic,MI,MI-11
Hank Johnson,2.8292682926829267,8.231707317073171,232,675,82,Georgia,04,Democratic,GA,GA-04
Hank Linderman,1.2647058823529411,2.6985294117647056,172,367,136,Kentucky,02,Democratic,KY,KY-02
Harley Rouda,260.00323176361957,473.1694367497692,563167,1024885,2166,California,48,Democratic,CA,CA-48
Harry Arora,72.23177083333333,217.90625,27737,83676,384,Connecticut,04,Republican,CT,CT-04
Hayden Shamel,7.053571428571429,16.883928571428573,790,1891,112,Arkansas,04,Democratic,AR,AR-04
Henry Martin,8.907865168539326,17.916853932584267,3964,7973,445,Missouri,06,Democratic,MO,MO-06
Hiral Tipirneni,214.9133709981168,464.4406779661017,114119,246618,531,Arizona,08,Democratic,AZ,AZ-08
Ian Todd,4.404612159329139,11.255765199161425,2101,5369,477,Minnesota,06,Democratic,MN,MN-06
Ilhan Omar,43.81329561527581,225.77015558698727,61952,319239,1414,Minnesota,05,Democratic,MN,MN-05
J.D. Scholten,108.64081255771006,251.1662049861496,117658,272013,1083,Iowa,04,Democratic,IA,IA-04
Jack Bergman,2.0,8.666666666666666,6,26,3,Michigan,01,Republican,MI,MI-01
Jackie Speier,1.9390243902439024,5.609756097560974,159,460,82,California,14,Democratic,CA,CA-14
Jackie Walorski,0.7830508474576271,3.3728813559322037,231,995,295,Indiana,02,Republican,IN,IN-02
Jahana Hayes,15.687671232876713,51.6958904109589,5726,18869,365,Connecticut,05,Democratic,CT,CT-05
Jaime Herrera Beutler,2.609756097560976,5.121951219512195,107,210,41,Washington,03,Republican,WA,WA-03
James Baird,0.9391891891891893,4.0540540540540535,139,600,148,Indiana,04,Republican,IN,IN-04
James Comer Jr.,10.925465838509316,58.0248447204969,1759,9342,161,Kentucky,01,Republican,KY,KY-01
James Maxwell,2.961620469083156,8.852878464818764,1389,4152,469,New York,25,Republican,NY,NY-25
James O'Donnell,2.511363636363636,5.153409090909091,442,907,176,New York,18,Republican,NY,NY-18
James Singer,5.490469208211144,16.576246334310852,7489,22610,1364,Utah,03,Democratic,UT,UT-03
James Thompson,18.338482202820686,48.07924781732706,27306,71590,1489,Kansas,04,Democratic,KS,KS-04
Jamie McLeod-Skinner,24.323129251700678,49.960884353741505,14302,29377,588,Oregon,02,Democratic,OR,OR-02
Jamie Raskin,8.536585365853659,32.09756097560975,350,1316,41,Maryland,08,Democratic,MD,MD-08
Jamie Schoolcraft,4.634241245136186,9.27626459143969,1191,2384,257,Missouri,07,Democratic,MO,MO-07
Jan McDowell,8.579931972789115,19.047619047619047,5045,11200,588,Texas,24,Democratic,TX,TX-24
Jan Schakowsky,2.593582887700535,5.743315508021389,485,1074,187,Illinois,09,Democratic,IL,IL-09
Jana Lynne Sanchez,7.142548596112312,23.845572354211658,6614,22081,926,Texas,06,Democratic,TX,TX-06
Janet Garrett,244.1395348837209,538.0620155038761,157470,347050,645,Ohio,04,Democratic,OH,OH-04
Janice Arnold-Jones,0.6076675026872089,0.8935865281261197,1696,2494,2791,New Mexico,01,Republican,NM,NM-01
Jared Golden,25.917582417582413,63.818681318681314,4717,11615,182,Maine,02,Democratic,ME,ME-02
Jared Huffman,9.185089974293057,27.659383033419022,7146,21519,778,California,02,Democratic,CA,CA-02
Jason Crow,35.835489833641404,92.77818853974121,19387,50193,541,Colorado,06,Democratic,CO,CO-06
Jason Lewis,27.737142857142853,70.44571428571429,4854,12328,175,Minnesota,02,Republican,MN,MN-02
Jason Nichols,5.015723270440252,8.632075471698114,1595,2745,318,Oklahoma,02,Democratic,OK,OK-02
Jason Smith,4.597609561752988,16.687250996015933,4616,16754,1004,Missouri,08,Republican,MO,MO-08
Jay Webber,7.882857142857143,20.76,2759,7266,350,New Jersey,11,Republican,NJ,NJ-11
Jeannine Lee Lake,5.930481283422461,17.919786096256683,2218,6702,374,Indiana,06,Democratic,IN,IN-06
Jeff Denham,3.4027777777777777,7.298611111111112,980,2102,288,California,10,Republican,CA,CA-10
Jeff Dove,5.1919561243144425,10.455210237659964,2840,5719,547,Virginia,11,Republican,VA,VA-11
Jeff Jones,0.2241379310344828,0.603448275862069,26,70,116,Michigan,12,Republican,MI,MI-12
Jennie Lou Leeder,4.656639004149378,6.5145228215767625,4489,6280,964,Texas,11,Democratic,TX,TX-11
Jennifer Lewis,7.243611584327088,17.83304940374787,4252,10468,587,Virginia,06,Democratic,VA,VA-06
Jennifer Nye,0.7241379310344828,1.6551724137931034,84,192,116,Connecticut,01,Republican,CT,CT-01
Jennifer Wexton,36.228388473852725,104.98932764140876,33946,98375,937,Virginia,10,Democratic,VA,VA-10
Jennifer Zielinski,4.085427135678392,8.577889447236181,813,1707,199,Minnesota,05,Republican,MN,MN-05
Jennifer Zimmerman,5.000884955752213,8.202654867256637,5651,9269,1130,Florida,01,Democratic,FL,FL-01
Jeramey Anderson,5.3130590339892665,11.456171735241506,2970,6404,559,Mississippi,04,Democratic,MS,MS-04
Jerry Hilliard,2.804878048780488,6.7317073170731705,115,276,41,Michigan,04,Democratic,MI,MI-04
Jerry McNerney,1.05,3.75,21,75,20,California,09,Democratic,CA,CA-09
Jesse Colvin,9.211974110032363,26.011326860841425,5693,16075,618,Maryland,01,Democratic,MD,MD-01
Jessee Carlton Fleenor,20.33333333333333,27.714285714285715,427,582,21,Louisiana,05,Democratic,LA,LA-05
Jessica King,27.568848758465013,82.627539503386,12213,36604,443,Pennsylvania,11,Democratic,PA,PA-11
Jessica McClure,3.637377963737797,9.0697350069735,2608,6503,717,Nebraska,01,Democratic,NE,NE-01
Jessica Morse,59.54278416347382,127.69093231162195,46622,99982,783,California,04,Democratic,CA,CA-04
Jill Schiller,13.877358490566039,27.254716981132077,2942,5778,212,Ohio,02,Democratic,OH,OH-02
Jim Banks,4.449735449735449,17.97354497354498,841,3397,189,Indiana,03,Republican,IN,IN-03
Jim Burgess,0.0,0.0,0,0,2,Ohio,03,Republican,OH,OH-03
Jim Cooper,6.052631578947367,17.894736842105264,115,340,19,Tennessee,05,Democratic,TN,TN-05
Jim Francis,11.441441441441441,23.745173745173744,8890,18450,777,Louisiana,01,Democratic,LA,LA-01
Jim Hagedorn,9.494845360824742,17.443298969072163,2763,5076,291,Minnesota,01,Republican,MN,MN-01
Jim Himes,98.02134146341464,289.405487804878,64302,189850,656,Connecticut,04,Democratic,CT,CT-04
Jim Langevin,0.5873015873015873,1.1150793650793651,148,281,252,Rhode Island,02,Democratic,RI,RI-02
Jim McGovern,3.3052631578947365,9.789473684210526,314,930,95,Massachusetts,02,Democratic,MA,MA-02
Jimmy Gomez,5.421933085501858,24.855018587360593,2917,13372,538,California,34,Democratic,CA,CA-34
Jimmy Panetta,1.2352941176470589,5.882352941176472,21,100,17,California,20,Democratic,CA,CA-20
Jineea Butler,0.8235294117647058,2.588235294117647,42,132,51,New York,13,Republican,NY,NY-13
Jitendra Diganvker,0.5030674846625767,1.3190184049079754,82,215,163,Illinois,08,Republican,IL,IL-08
Joan Greene,6.6253498600559775,13.558976409436223,16570,33911,2501,Arizona,05,Democratic,AZ,AZ-05
Joaquin Castro,17.576576576576578,75.23423423423424,1951,8351,111,Texas,20,Democratic,TX,TX-20
Jodey Arrington,0.875,8.25,7,66,8,Texas,19,Republican,TX,TX-19
Jody Ball,0.3992248062015504,0.5891472868217055,103,152,258,Tennessee,05,Republican,TN,TN-05
Joe Courtney,1.5416666666666667,5.25,37,126,24,Connecticut,02,Democratic,CT,CT-02
Joe Cunningham,73.499095840868,188.3652802893309,40645,104166,553,South Carolina,01,Democratic,SC,SC-01
Joe Kaufman,0.772020725388601,1.093264248704663,596,844,772,Florida,23,Republican,FL,FL-23
Joe Neguse,19.206896551724142,80.55172413793103,557,2336,29,Colorado,02,Democratic,CO,CO-02
Joe Profit,8.0,15.0,48,90,6,Georgia,04,Republican,GA,GA-04
Joe Radinovich,9.600760456273763,30.7490494296578,2525,8087,263,Minnesota,08,Democratic,MN,MN-08
Joe Vitollo,0.6703056768558951,2.9104803493449776,307,1333,458,New York,20,Republican,NY,NY-20
Joe Wilson,4.625,11.5,37,92,8,South Carolina,02,Republican,SC,SC-02
John Carter,4.318181818181818,11.075757575757574,855,2193,198,Texas,31,Republican,TX,TX-31
John Chrin,2.5219638242894056,6.439276485788113,976,2492,387,Pennsylvania,08,Republican,PA,PA-08
John Culberson,2.822314049586777,5.446280991735537,683,1318,242,Texas,07,Republican,TX,TX-07
John Curtis,2.096330275229358,15.995412844036696,457,3487,218,Utah,03,Republican,UT,UT-03
John Elleson,0.5302013422818792,2.161073825503356,79,322,149,Illinois,09,Republican,IL,IL-09
John Faso,3.428125,8.728125,1097,2793,320,New York,19,Republican,NY,NY-19
John Fitzgerald,1.5078125,4.046875,193,518,128,California,11,Republican,CA,CA-11
John Garamendi,1.6,2.466666666666667,24,37,15,California,03,Democratic,CA,CA-03
John Hugo,11.266666666666667,7.833333333333332,338,235,30,Massachusetts,05,Republican,MA,MA-05
John Joyce,3.804347826086957,8.26086956521739,175,380,46,Pennsylvania,13,Republican,PA,PA-13
John Larson,3.2294573643410853,6.431007751937986,2083,4148,645,Connecticut,01,Democratic,CT,CT-01
John McCann,17.224137931034484,46.91666666666666,5994,16327,348,New Jersey,05,Republican,NJ,NJ-05
John Michael Galbraith,6.471374045801528,10.83969465648855,6782,11360,1048,Ohio,05,Democratic,OH,OH-05
John Moolenaar,0.0,3.0,0,3,1,Michigan,04,Republican,MI,MI-04
John Ratcliffe,16.0,54.33333333333334,48,163,3,Texas,04,Republican,TX,TX-04
John Rutherford,0.0,4.0,0,4,1,Florida,04,Republican,FL,FL-04
John Sarbanes,0.7179487179487181,2.2051282051282053,28,86,39,Maryland,03,Democratic,MD,MD-03
John Shimkus,0.0,0.0,0,0,1,Illinois,15,Republican,IL,IL-15
Johnny Nalbandian,55.0,82.06117908787542,49445,73773,899,California,28,Republican,CA,CA-28
Jose Serrano,12.0,40.2,60,201,5,New York,15,Democratic,NY,NY-15
Joseph Crowley,25.203732503888027,154.8040435458787,16206,99539,643,New York,14,Democratic,NY,NY-14
Joseph Kennedy III,186.74825174825176,673.3636363636364,26705,96291,143,Massachusetts,04,Democratic,MA,MA-04
Joseph Kopser,6.617210682492582,21.605341246290802,4460,14562,674,Texas,21,Democratic,TX,TX-21
Joseph Morelle,4.462745098039216,14.862745098039214,1138,3790,255,New York,25,Democratic,NY,NY-25
Joseph Schneider,3.739130434782609,6.391304347826088,86,147,23,Massachusetts,06,Republican,MA,MA-06
Josh Gottheimer,1.8041237113402064,8.773195876288659,875,4255,485,New Jersey,05,Democratic,NJ,NJ-05
Josh Guillory,1.7608695652173914,2.9130434782608696,81,134,46,Louisiana,03,Republican,LA,LA-03
Josh Harder,20.16949152542373,50.451977401129945,10710,26790,531,California,10,Democratic,CA,CA-10
Josh McCall,11.50390015600624,25.970358814352576,14748,33294,1282,Georgia,09,Democratic,GA,GA-09
Josh Welle,8.98137535816619,22.070200573065904,6269,15405,698,New Jersey,04,Democratic,NJ,NJ-04
Joshua Mahony,11.252032520325203,25.54308943089431,6920,15709,615,Arkansas,03,Democratic,AR,AR-03
Joyce Beatty,1.6444444444444444,6.2,74,279,45,Ohio,03,Democratic,OH,OH-03
Joyce Bentley,1.1212121212121209,2.1515151515151514,37,71,33,Nevada,01,Republican,NV,NV-01
Julia Brownley,1.7820512820512822,4.076923076923077,139,318,78,California,26,Democratic,CA,CA-26
Julia Peacock,9.957050823192557,25.109520400858983,13910,35078,1397,California,42,Democratic,CA,CA-42
Julie Oliver,35.91216655823032,92.43331164606377,55197,142070,1537,Texas,25,Democratic,TX,TX-25
Junius Rodriguez,7.420110192837464,19.58264462809917,5387,14217,726,Illinois,18,Democratic,IL,IL-18
Justin Amash,204.10206718346254,594.1459948320412,157975,459869,774,Michigan,03,Republican,MI,MI-03
Justin DeWitt,10.673667205169627,22.87237479806139,6607,14158,619,Louisiana,06,Democratic,LA,LA-06
Justin Fareed,2.2015355086372357,4.038387715930901,1147,2104,521,California,24,Republican,CA,CA-24
Justin Kanew,21.366197183098592,46.34028169014085,37925,82254,1775,Tennessee,07,Democratic,TN,TN-07
Kara Eastman,20.2671875,62.4015625,12971,39937,640,Nebraska,02,Democratic,NE,NE-02
Karen Bass,3.0,6.525,120,261,40,California,37,Democratic,CA,CA-37
Karen Handel,17.0126582278481,57.10759493670886,2688,9023,158,Georgia,06,Republican,GA,GA-06
Karen McCormick,4.498168498168498,9.435897435897436,1228,2576,273,Colorado,04,Democratic,CO,CO-04
Katherine Clark,9.661764705882351,25.19117647058824,657,1713,68,Massachusetts,05,Democratic,MA,MA-05
Kathleen Rice,0.75,5.25,9,63,12,New York,04,Democratic,NY,NY-04
Kathleen Williams,9.606321839080461,26.33620689655172,3343,9165,348,Montana,00,Democratic,MT,MT-00
Kathy Castor,5.775510204081633,14.66326530612245,566,1437,98,Florida,14,Democratic,FL,FL-14
Kathy Ellis,4.328859060402683,7.573825503355705,1290,2257,298,Missouri,08,Democratic,MO,MO-08
Kathy Manning,16.717073170731712,35.178048780487806,6854,14423,410,North Carolina,13,Democratic,NC,NC-13
Katie Arrington,91.8048048048048,266.7747747747748,30571,88836,333,South Carolina,01,Republican,SC,SC-01
Katie Hill,36.305613305613306,105.24012474012474,34926,101241,962,California,25,Democratic,CA,CA-25
Katie Porter,36.451807228915655,92.46299483648882,42357,107442,1162,California,45,Democratic,CA,CA-45
Katy Geppert,2.3866666666666667,5.76,179,432,75,Missouri,03,Democratic,MO,MO-03
Kelly Armstrong,3.862745098039216,19.699346405228763,591,3014,153,North Dakota,00,Republican,ND,ND-00
Ken Calvert,2.7058823529411766,7.029411764705883,92,239,34,California,42,Republican,CA,CA-42
Ken Harbaugh,17.936170212765962,42.38905775075988,5901,13946,329,Ohio,07,Democratic,OH,OH-07
Kendra Fershee,7.075812274368231,16.332129963898918,1960,4524,277,West Virginia,01,Democratic,WV,WV-01
Kendra Horn,5.04,20.234782608695653,2898,11635,575,Oklahoma,05,Democratic,OK,OK-05
Kenneth Wright,67.10877192982456,115.11578947368422,38252,65616,570,California,33,Republican,CA,CA-33
Kenny Marchant,0.375,2.6666666666666665,9,64,24,Texas,24,Republican,TX,TX-24
Kevin Brady,2.1645885286783044,4.955112219451372,868,1987,401,Texas,08,Republican,TX,TX-08
Kevin Gaither,1.8282442748091603,3.5890585241730286,1437,2821,786,Illinois,15,Democratic,IL,IL-15
Kevin Hern,1.6213991769547325,3.9711934156378597,394,965,243,Oklahoma,01,Republican,OK,OK-01
Kevin McCarthy,17.166666666666668,46.33333333333334,103,278,6,California,23,Republican,CA,CA-23
Kevin Yoder,12.163346613545814,23.80478087649402,3053,5975,251,Kansas,03,Republican,KS,KS-03
Kim Schrier,37.86684073107049,73.06005221932115,14503,27982,383,Washington,08,Democratic,WA,WA-08
Kimberlin Brown Pelzer,15.741935483870966,51.94758064516129,3904,12883,248,California,36,Republican,CA,CA-36
Kimberly Bizon,5.8439201451905625,7.014519056261343,3220,3865,551,Michigan,10,Democratic,MI,MI-10
Kristen Carlson,17.94736842105263,31.36842105263158,682,1192,38,Florida,15,Democratic,FL,FL-15
Kurt Schrader,4.4,9.8,22,49,5,Oregon,05,Democratic,OR,OR-05
Kyle Horton,16.403035413153454,29.446880269814507,9727,17462,593,North Carolina,07,Democratic,NC,NC-07
Larry Bucshon,1.903225806451613,6.193548387096773,59,192,31,Indiana,08,Republican,IN,IN-08
Lauren Baer,12.792122538293214,26.769146608315097,11692,24467,914,Florida,18,Democratic,FL,FL-18
Lauren Underwood,43.740279937791605,117.66718506998444,28125,75660,643,Illinois,14,Democratic,IL,IL-14
Lea Marquez Peterson,3.9154228855721382,12.467661691542286,787,2506,201,Arizona,02,Republican,AZ,AZ-02
Lee Auman,15.183856502242152,24.053811659192824,3386,5364,223,Alabama,04,Democratic,AL,AL-04
Lee Castillo,2.9432624113475176,5.510638297872339,830,1554,282,Utah,01,Democratic,UT,UT-01
Lee Zeldin,144.74883720930234,355.7813953488373,31121,76493,215,New York,01,Republican,NY,NY-01
Lena Epstein,26.54,51.008,6635,12752,250,Michigan,11,Republican,MI,MI-11
Leonard Lance,7.108108108108107,8.54054054054054,263,316,37,New Jersey,07,Republican,NJ,NJ-07
Leslie Cockburn,3.9259259259259265,11.304526748971195,954,2747,243,Virginia,05,Democratic,VA,VA-05
Linda Coleman,12.108910891089108,24.366336633663373,1223,2461,101,North Carolina,02,Democratic,NC,NC-02
Linsey Fagan,8.75,28.50906735751295,6755,22009,772,Texas,26,Democratic,TX,TX-26
Lisa Blunt Rochester,4.741935483870968,25.032258064516128,294,1552,62,Delaware,00,Democratic,DE,DE-00
Lisa Brown,44.63125,109.565,35705,87652,800,Washington,05,Democratic,WA,WA-05
Lisa Ring,15.733732236350038,27.770381451009715,21036,37129,1337,Georgia,01,Democratic,GA,GA-01
Liuba Grechen Shirley,20.43126520681265,54.58576642335766,33589,89739,1644,New York,02,Democratic,NY,NY-02
Liz Matory,3.630769230769231,12.492307692307694,236,812,65,Maryland,02,Republican,MD,MD-02
Liz Watson,10.430720506730008,26.707046714172613,13174,33731,1263,Indiana,09,Democratic,IN,IN-09
Lizzie Pannill Fletcher,24.104774535809018,48.29840848806366,18175,36417,754,Texas,07,Democratic,TX,TX-07
Lloyd Doggett,2.1607142857142856,5.7232142857142865,242,641,112,Texas,35,Democratic,TX,TX-35
Lois Frankel,5.0,8.0,10,16,2,Florida,21,Democratic,FL,FL-21
Lori Trahan,6.642857142857142,17.066233766233765,5115,13141,770,Massachusetts,03,Democratic,MA,MA-03
Lorie Burch,6.11496062992126,12.15275590551181,3883,7717,635,Texas,03,Democratic,TX,TX-03
Lutchi Gayot,19.27840909090909,73.91287878787878,10179,39026,528,New York,09,Republican,NY,NY-09
M.J. Hegar,68.27727272727273,231.4090909090909,30042,101820,440,Texas,31,Democratic,TX,TX-31
Mac Schneider,3.3089005235602094,15.575916230366492,632,2975,191,North Dakota,00,Democratic,ND,ND-00
Mac Thornberry,1.1111111111111112,3.0,10,27,9,Texas,13,Republican,TX,TX-13
Madeleine Dean,10.382743362831857,32.904867256637175,4693,14873,452,Pennsylvania,04,Democratic,PA,PA-04
Mallory Hagan,10.682791435368754,25.84694686756543,13471,32593,1261,Alabama,03,Democratic,AL,AL-03
Manny Santos,2.5114942528735638,4.574712643678161,437,796,174,Connecticut,05,Republican,CT,CT-05
Marc Friedenberg,4.466960352422907,10.083700440528633,2028,4578,454,Pennsylvania,12,Democratic,PA,PA-12
Marc Veasey,4.7346938775510194,25.448979591836732,232,1247,49,Texas,33,Democratic,TX,TX-33
Marcia Fudge,4.5,11.0,9,22,2,Ohio,11,Democratic,OH,OH-11
Marcy Kaptur,1.3783783783783785,3.918918918918919,51,145,37,Ohio,09,Democratic,OH,OH-09
Margaret Engebretson,11.301724137931034,18.84051724137931,2622,4371,232,Wisconsin,07,Democratic,WI,WI-07
Maria Elvira Salazar,17.94230769230769,48.490384615384606,5598,15129,312,Florida,27,Republican,FL,FL-27
Mariah Phillips,2.0,6.666666666666668,12,40,6,Tennessee,04,Democratic,TN,TN-04
Mario Diaz-Balart,2.730769230769231,7.288461538461537,142,379,52,Florida,25,Republican,FL,FL-25
Mark Amodei,11.0,36.0,11,36,1,Nevada,02,Republican,NV,NV-02
Mark Callahan,5.223684210526316,5.171052631578949,397,393,76,Oregon,05,Republican,OR,OR-05
Mark DeSaulnier,1.3770491803278688,3.4262295081967213,84,209,61,California,11,Democratic,CA,CA-11
Mark Green,5.617801047120419,17.979057591623036,1073,3434,191,Tennessee,07,Republican,TN,TN-07
Mark Harris,7.6220095693779895,20.224880382775122,1593,4227,209,North Carolina,09,Republican,NC,NC-09
Mark Holbrook,0.5,0.9673913043478259,138,267,276,Maine,01,Republican,ME,ME-01
Mark Pocan,12.202898550724635,40.344202898550726,3368,11135,276,Wisconsin,02,Democratic,WI,WI-02
Mark Takano,3.0,5.0,3,5,1,California,41,Democratic,CA,CA-41
Mark Walker,1.5098039215686274,6.019607843137255,77,307,51,North Carolina,06,Republican,NC,NC-06
Mark Wayne Lorch,0.17647058823529413,0.7058823529411765,3,12,17,Illinois,04,Republican,IL,IL-04
Markwayne Mullin,1.0206185567010309,2.9793814432989687,99,289,97,Oklahoma,02,Republican,OK,OK-02
Marla Livengood,3.282608695652174,6.967391304347826,302,641,92,California,09,Republican,CA,CA-09
Marty Nothstein,1.4583333333333333,5.25925925925926,315,1136,216,Pennsylvania,07,Republican,PA,PA-07
Marty Olsen,4.141430948419302,11.267886855241265,2489,6772,601,Tennessee,01,Democratic,TN,TN-01
Mary Barzee Flores,19.064814814814813,41.199074074074076,4118,8899,216,Florida,25,Democratic,FL,FL-25
Mary Brannon,3.926605504587156,5.5412844036697235,428,604,109,Oklahoma,04,Democratic,OK,OK-04
Mary Gay Scanlon,10.08670520231214,24.13487475915221,5235,12526,519,Pennsylvania,05,Democratic,PA,PA-05
Mary Geren,38.258547008547005,54.641025641025635,17905,25572,468,South Carolina,03,Democratic,SC,SC-03
Matt Cartwright,11.390476190476189,21.53333333333333,1196,2261,105,Pennsylvania,08,Democratic,PA,PA-08
Matt Gaetz,180.13140311804008,480.9799554565702,80879,215960,449,Florida,01,Republican,FL,FL-01
Matt Longjohn,11.192307692307693,20.641025641025642,873,1610,78,Michigan,06,Democratic,MI,MI-06
Max Rose,15.110285006195786,43.76951672862454,12194,35322,807,New York,11,Democratic,NY,NY-11
Maxine Waters,21.18237347294939,39.17888307155322,24275,44899,1146,California,43,Democratic,CA,CA-43
Mel Hall,2.8814814814814813,10.790123456790123,1167,4370,405,Indiana,02,Democratic,IN,IN-02
Mia Love,28.82317073170732,142.65243902439025,4727,23395,164,Utah,04,Republican,UT,UT-04
Michael Bishop,1.5762711864406782,5.330508474576272,186,629,118,Michigan,08,Republican,MI,MI-08
Michael Evans,4.880281690140845,11.077464788732396,693,1573,142,Mississippi,03,Democratic,MS,MS-03
Michael Gallagher,1.3928571428571428,8.25,39,231,28,Wisconsin,08,Republican,WI,WI-08
Michael Guest,3.5386533665835413,13.241895261845384,1419,5310,401,Mississippi,03,Republican,MS,MS-03
Michael McCaul,1.1911764705882353,3.4754901960784315,243,709,204,Texas,10,Republican,TX,TX-10
Michael Simpson,1.1702127659574468,4.97872340425532,55,234,47,Idaho,02,Republican,ID,ID-02
Michael Turner,2.1923076923076925,7.538461538461537,57,196,26,Ohio,10,Republican,OH,OH-10
Michael Waltz,7.521951219512196,17.51219512195122,3084,7180,410,Florida,06,Republican,FL,FL-06
Miguel Levario,6.149171270718233,12.784530386740332,2226,4628,362,Texas,19,Democratic,TX,TX-19
Mike Bost,5.8478260869565215,24.282608695652176,269,1117,46,Illinois,12,Republican,IL,IL-12
Mike Coffman,5.3125,8.9375,85,143,16,Colorado,06,Republican,CO,CO-06
Mike Johnson,0.6666666666666666,10.333333333333334,2,31,3,Louisiana,04,Republican,LA,LA-04
Mike Kelly,1.3456790123456788,3.5185185185185186,109,285,81,Pennsylvania,16,Republican,PA,PA-16
Mike Levin,462.1493886230728,1142.9005847953215,869303,2149796,1881,California,49,Democratic,CA,CA-49
Mike Miller,9.666666666666666,22.272357723577237,2378,5479,246,Florida,07,Republican,FL,FL-07
Mike Quigley,0.55,0.7,44,56,80,Illinois,05,Democratic,IL,IL-05
Mike Rogers,2.1666666666666665,4.966666666666667,130,298,60,Alabama,03,Republican,AL,AL-03
Mike Thompson,0.6956521739130435,2.260869565217391,32,104,46,California,05,Democratic,CA,CA-05
Mikie Sherrill,41.149668874172185,119.23178807947019,31068,90020,755,New Jersey,11,Democratic,NJ,NJ-11
Mildred Methvin,9.428571428571429,20.67142857142857,4620,10129,490,Louisiana,03,Democratic,LA,LA-03
Mimi Walters,9.36,26.19,936,2619,100,California,45,Republican,CA,CA-45
Morgan Griffith,4.006535947712418,6.496732026143791,613,994,153,Virginia,09,Republican,VA,VA-09
Morgan Murtaugh,18.042194092827003,71.61181434599156,8552,33944,474,California,53,Republican,CA,CA-53
Nancy Pelosi,1136.1639163916388,2419.136413641364,1032773,2198995,909,California,12,Democratic,CA,CA-12
Nancy Soderberg,16.57243816254417,34.10600706713781,4690,9652,283,Florida,06,Democratic,FL,FL-06
Nanette Barrag√°n,2.2017291066282416,9.409221902017293,764,3265,347,California,44,Democratic,CA,CA-44
Naomi Levin,36.23876404494382,83.38202247191012,12901,29684,356,New York,10,Republican,NY,NY-10
Nate McMurray,18.02532751091703,65.45502183406114,41278,149892,2290,New York,27,Democratic,NY,NY-27
Neal Dunn,1.9333333333333331,4.866666666666666,29,73,15,Florida,02,Republican,FL,FL-02
Nick Stella,7.0,5.8,35,29,5,Illinois,11,Republican,IL,IL-11
Nicolas Kimaz,1.46875,2.875,141,276,96,Florida,22,Republican,FL,FL-22
Norma Torres,1.6571428571428573,4.6,116,322,70,California,35,Democratic,CA,CA-35
Nydia Velazquez,3.286570743405276,14.816546762589926,2741,12357,834,New York,07,Democratic,NY,NY-07
Omar Navarro,827.0970556161396,1769.4656488549615,758448,1622600,917,California,43,Republican,CA,CA-43
Patrick McHenry,0.8717948717948718,2.2051282051282053,34,86,39,North Carolina,10,Republican,NC,NC-10
Paul Davis,12.503836317135551,35.02046035805627,4889,13693,391,Kansas,02,Democratic,KS,KS-02
Paul Dilks,0.43478260869565216,1.0,70,161,161,New Jersey,01,Republican,NJ,NJ-01
Paul Theobald,5.699669966996701,9.613861386138613,1727,2913,303,Nebraska,03,Democratic,NE,NE-03
Paul Tonko,0.6186224489795918,1.1122448979591837,485,872,784,New York,20,Democratic,NY,NY-20
Paul Walker,7.0,14.546666666666667,525,1091,75,Kentucky,01,Democratic,KY,KY-01
Pearl Kim,2.5855263157894743,10.901315789473683,393,1657,152,Pennsylvania,05,Republican,PA,PA-05
Perry Gershon,13.385796545105569,39.27831094049904,6974,20464,521,New York,01,Democratic,NY,NY-01
Pete Aguilar,2.6666666666666665,10.0,8,30,3,California,31,Democratic,CA,CA-31
Pete Olson,0.8781725888324873,2.6091370558375635,173,514,197,Texas,22,Republican,TX,TX-22
Pete Sessions,1.2611111111111108,2.2111111111111112,227,398,180,Texas,32,Republican,TX,TX-32
Pete Stauber,17.65989847715736,44.86548223350254,6958,17677,394,Minnesota,08,Republican,MN,MN-08
Peter DeFazio,2.333333333333333,7.0,7,21,3,Oregon,04,Democratic,OR,OR-04
Peter Joffrion,22.19402985074627,45.00533049040512,20818,42215,938,Alabama,05,Democratic,AL,AL-05
Peter King,9.0,22.75,144,364,16,New York,02,Republican,NY,NY-02
Peter Tedeschi,1.6582278481012658,4.561181434599156,393,1081,237,Massachusetts,09,Republican,MA,MA-09
Peter Visclosky,2.0,4.75,8,19,4,Indiana,01,Democratic,IN,IN-01
Peter Welch,2.071428571428572,11.607142857142858,58,325,28,Vermont,00,Democratic,VT,VT-00
Peter Yu,1.875,7.775,75,311,40,Colorado,02,Republican,CO,CO-02
Phillip Aronoff,1.5054945054945057,3.4615384615384617,137,315,91,Texas,29,Republican,TX,TX-29
Phillip Price,20.33656957928802,35.6294498381877,12568,22019,618,North Carolina,11,Democratic,NC,NC-11
Pramila Jayapal,29.186904761904763,101.18928571428572,24517,84999,840,Washington,07,Democratic,WA,WA-07
Raja Krishnamoorthi,3.5,13.5,7,27,2,Illinois,08,Democratic,IL,IL-08
Ralph Abraham,1.9629629629629632,6.62962962962963,53,179,27,Louisiana,05,Republican,LA,LA-05
Randy Bryce,1201.3017521090198,3171.879948085659,1851206,4887867,1541,Wisconsin,01,Democratic,WI,WI-01
Randy Hultgren,2.0769230769230766,2.1538461538461537,27,28,13,Illinois,14,Republican,IL,IL-14
Randy Wadkins,16.810650887573964,20.402366863905325,2841,3448,169,Mississippi,01,Democratic,MS,MS-01
Randy Weber,0.7826086956521741,2.130434782608696,18,49,23,Texas,14,Republican,TX,TX-14
Rashida Tlaib,30.727436823104693,168.91335740072202,17023,93578,554,Michigan,13,Democratic,MI,MI-13
Raul Grijalva,3.361842105263158,6.6951754385964914,1533,3053,456,Arizona,03,Democratic,AZ,AZ-03
Raul Ruiz,3.0,4.0,3,4,1,California,36,Democratic,CA,CA-36
Renee Hoagenson,49.429590017825305,83.63725490196079,55460,93841,1122,Missouri,04,Democratic,MO,MO-04
Renee Hoyos,4.678403755868545,15.530516431924882,1993,6616,426,Tennessee,02,Democratic,TN,TN-02
Renee Zeno,7.974874371859295,30.959798994974875,1587,6161,199,New York,26,Republican,NY,NY-26
Richard Hudson,1.2,4.95,24,99,20,North Carolina,08,Republican,NC,NC-08
Richard Ojeda,21.279153534443946,86.67807294011705,47261,192512,2221,West Virginia,03,Democratic,WV,WV-03
Richmond Davis,0.7466666666666667,1.0933333333333333,56,82,75,Maryland,07,Republican,MD,MD-07
Rick Allen,2.0,2.4166666666666665,24,29,12,Georgia,12,Republican,GA,GA-12
Rick Crawford,2.238095238095238,4.976190476190476,94,209,42,Arkansas,01,Republican,AR,AR-01
Rick Green,2.720720720720721,7.0225225225225225,604,1559,222,Massachusetts,03,Republican,MA,MA-03
Rick Kennedy,5.164814814814815,10.088888888888887,2789,5448,540,Texas,17,Democratic,TX,TX-17
Rick Larsen,0.659217877094972,2.2681564245810057,118,406,179,Washington,02,Democratic,WA,WA-02
Rick Neal,12.036511156186615,28.886409736308323,5934,14241,493,Ohio,15,Democratic,OH,OH-15
Ro Khanna,118.10603290676417,308.3217550274223,323020,843260,2735,California,17,Democratic,CA,CA-17
Rob Anderson,1.325242718446602,3.5485436893203883,273,731,206,Louisiana,03,Democratic,LA,LA-03
Rob Bishop,1.6842105263157894,4.842105263157895,32,92,19,Utah,01,Republican,UT,UT-01
Rob Davidson,27.615468409586054,77.80936819172112,25351,71429,918,Michigan,02,Democratic,MI,MI-02
Rob Wittman,1.9702970297029705,3.4059405940594063,199,344,101,Virginia,01,Republican,VA,VA-01
Robert Kennedy Jr.,14.382716049382715,21.59567901234568,4660,6997,324,Alabama,01,Democratic,AL,AL-01
Rod Blum,2.381578947368421,6.052631578947367,181,460,76,Iowa,01,Republican,IA,IA-01
Rodney Davis,3.4736842105263164,7.7105263157894735,132,293,38,Illinois,13,Republican,IL,IL-13
Roger Allison,13.602173913043478,21.99782608695652,6257,10119,460,North Carolina,01,Republican,NC,NC-01
Roger Marshall,5.717299578059071,16.628691983122362,2710,7882,474,Kansas,01,Republican,KS,KS-01
Roger Williams,1.1044776119402986,3.2686567164179103,74,219,67,Texas,25,Republican,TX,TX-25
Ron Bassilian,3.1887287024901703,7.720401922236785,7299,17672,2289,California,37,Republican,CA,CA-37
Ron Estes,2.1730769230769234,6.115384615384616,113,318,52,Kansas,04,Republican,KS,KS-04
Ronald DiNicola,11.37984496124031,19.751937984496127,1468,2548,129,Pennsylvania,16,Democratic,PA,PA-16
Ronald Wright,3.7258064516129035,9.85483870967742,231,611,62,Texas,06,Republican,TX,TX-06
Rosa DeLauro,4.344827586206897,16.370689655172413,504,1899,116,Connecticut,03,Democratic,CT,CT-03
Ross Spano,1.3636363636363635,5.161616161616162,135,511,99,Florida,15,Republican,FL,FL-15
Ruben Gallego,144.78134556574923,597.3180428134557,94687,390646,654,Arizona,07,Democratic,AZ,AZ-07
Rudy Peters,5.09065934065934,7.45879120879121,1853,2715,364,California,15,Republican,CA,CA-15
Russ Fulcher,2.207547169811321,6.566037735849058,234,696,106,Idaho,01,Republican,ID,ID-01
Ryan McAdams,1.2916666666666667,3.09375,124,297,96,Virginia,04,Republican,VA,VA-04
Ryan Trundle,2.296,4.272,287,534,125,Louisiana,04,Democratic,LA,LA-04
Ryan Watts,13.79415501905972,25.581956797966967,10856,20133,787,North Carolina,06,Democratic,NC,NC-06
Salud Carbajal,2.0588235294117645,5.470588235294118,35,93,17,California,24,Democratic,CA,CA-24
Salvatore Caiozzo,1.4285714285714286,3.612244897959184,140,354,98,Rhode Island,02,Republican,RI,RI-02
Sanjay Patel,10.556420233463037,19.902723735408557,2713,5115,257,Florida,08,Democratic,FL,FL-08
Sara Dady,11.13258426966292,23.725842696629208,4954,10558,445,Illinois,16,Democratic,IL,IL-16
Sarah Smith,33.62213740458015,107.45229007633587,35236,112610,1048,Washington,09,Democratic,WA,WA-09
Scott DesJarlais,0.2,1.2,2,12,10,Tennessee,04,Republican,TN,TN-04
Scott Peters,0.9,3.8333333333333335,27,115,30,California,52,Democratic,CA,CA-52
Scott Taylor,13.074589127686473,47.89633375474084,10342,37886,791,Virginia,02,Republican,VA,VA-02
Scott Tipton,0.6896551724137931,1.4827586206896552,20,43,29,Colorado,03,Republican,CO,CO-03
Scott Wallace,20.91545189504373,39.542274052478135,7174,13563,343,Pennsylvania,01,Democratic,PA,PA-01
Sean Carrigan,88.57538461538462,132.42,57574,86073,650,South Carolina,02,Democratic,SC,SC-02
Sean Casten,18.61976439790576,56.2140052356021,28451,85895,1528,Illinois,06,Democratic,IL,IL-06
Sean Duffy,3.787878787878788,11.56060606060606,1000,3052,264,Wisconsin,07,Republican,WI,WI-07
Sean Flynn,3.7523364485981303,10.523364485981308,803,2252,214,California,31,Republican,CA,CA-31
Seth Grossman,7.8257142857142865,10.497142857142855,2739,3674,350,New Jersey,02,Republican,NJ,NJ-02
Seth Hall,5.3474387527839635,8.538975501113585,2401,3834,449,Kentucky,04,Democratic,KY,KY-04
Seth Moulton,114.37042062415196,488.7720488466757,84291,360225,737,Massachusetts,06,Democratic,MA,MA-06
Sharice Davids,81.33916849015317,204.72538293216633,74344,187119,914,Kansas,03,Democratic,KS,KS-03
Shawna Roberts,4.6117136659436015,14.232104121475055,6378,19683,1383,Ohio,06,Democratic,OH,OH-06
Shireen Ghorbani,14.737276478679506,31.221458046767534,32142,68094,2181,Utah,02,Democratic,UT,UT-02
Shirley McKellar,10.951781970649895,13.174004192872115,5224,6284,477,Texas,01,Democratic,TX,TX-01
Steny Hoyer,2.1724137931034484,5.517241379310344,126,320,58,Maryland,05,Democratic,MD,MD-05
Stephanie Murphy,10.566666666666666,34.0375,2536,8169,240,Florida,07,Democratic,FL,FL-07
Stephany Rose Spaulding,6.422839506172839,16.790123456790127,2081,5440,324,Colorado,05,Democratic,CO,CO-05
Steve Chabot,7.172413793103447,14.551724137931034,208,422,29,Ohio,01,Republican,OH,OH-01
Steve Cohen,2.2954545454545454,4.068181818181818,101,179,44,Tennessee,09,Democratic,TN,TN-09
Steve Ferrara,6.989247311827956,16.7921146953405,1950,4685,279,Arizona,09,Republican,AZ,AZ-09
Steve King,530.7242339832869,1196.991643454039,190530,429720,359,Iowa,04,Republican,IA,IA-04
Steve Negron,8.125,14.125,1755,3051,216,New Hampshire,02,Republican,NH,NH-02
Steve Scalise,2.5,22.16666666666667,15,133,6,Louisiana,01,Republican,LA,LA-01
Steve Stivers,2.5581395348837206,9.930232558139538,110,427,43,Ohio,15,Republican,OH,OH-15
Steve Toft,1.103896103896104,2.941558441558441,340,906,308,Wisconsin,03,Republican,WI,WI-03
Steve Von Loor,52.59507042253521,70.15492957746478,29874,39848,568,North Carolina,04,Republican,NC,NC-04
Steve Watkins,8.046153846153848,19.7948717948718,1569,3860,195,Kansas,02,Republican,KS,KS-02
Steve Womack,1.2045454545454546,5.295454545454546,53,233,44,Arkansas,03,Republican,AR,AR-03
Steven David,4.050269299820466,10.937163375224417,2256,6092,557,Texas,08,Democratic,TX,TX-08
Susan Boser,6.752941176470588,10.370588235294116,1148,1763,170,Pennsylvania,15,Democratic,PA,PA-15
Susan Brooks,1.6,8.15,32,163,20,Indiana,05,Republican,IN,IN-05
Susan Moran Palmer,6.102439024390245,18.87804878048781,1251,3870,205,Ohio,16,Democratic,OH,OH-16
Susan Wild,11.185714285714283,21.56571428571429,3915,7548,350,Pennsylvania,07,Democratic,PA,PA-07
Susie Lee,6.063444108761329,17.77240684793555,6021,17648,993,Nevada,03,Democratic,NV,NV-03
Suzan DelBene,1.1264367816091954,4.448275862068964,196,774,174,Washington,01,Democratic,WA,WA-01
Sylvia Garcia,7.844086021505376,17.976344086021506,7295,16718,930,Texas,29,Democratic,TX,TX-29
TJ Cox,15.101030927835051,29.28041237113402,7324,14201,485,California,21,Democratic,CA,CA-21
Tabitha Isner,17.929286190793864,34.15276851234156,26876,51195,1499,Alabama,02,Democratic,AL,AL-02
Talley Sergent,7.275862068965517,21.134301270417424,4009,11645,551,West Virginia,02,Democratic,WV,WV-02
Tammy Savoie,6.741839762611276,19.225519287833823,2272,6479,337,Louisiana,01,Democratic,LA,LA-01
Tatiana Matta,5.588486140724948,16.294243070362473,2621,7642,469,California,23,Democratic,CA,CA-23
Ted Budd,4.334841628959276,10.28054298642534,958,2272,221,North Carolina,13,Republican,NC,NC-13
Ted Deutch,147.58278145695363,565.3443708609271,44570,170734,302,Florida,22,Democratic,FL,FL-22
Tedra Cobb,8.833641404805913,23.03327171903882,4779,12461,541,New York,21,Democratic,NY,NY-21
Terri Sewell,3.7647058823529416,7.745098039215686,384,790,102,Alabama,07,Democratic,AL,AL-07
Theresa Gasper,7.125581395348838,20.409302325581397,1532,4388,215,Ohio,10,Democratic,OH,OH-10
Thomas Massie,0.0,5.0,0,5,1,Kentucky,04,Republican,KY,KY-04
Thomas Oh,2.2548387096774194,5.441935483870967,699,1687,310,Virginia,08,Republican,VA,VA-08
Tim Burchett,4.9594855305466226,36.62636655948553,15424,113908,3110,Tennessee,02,Republican,TN,TN-02
Tim Donnelly,41.615638766519815,87.24449339207048,37787,79218,908,California,08,Republican,CA,CA-08
Tim Gilpin,0.9533333333333334,2.6933333333333334,143,404,150,Oklahoma,01,Democratic,OK,OK-01
Tim Ryan,11.88265306122449,39.53061224489796,6987,23244,588,Ohio,13,Democratic,OH,OH-13
Tim Walberg,0.2,1.6,7,56,35,Michigan,07,Republican,MI,MI-07
Timothy Bjorkman,4.879350348027843,10.357308584686775,2103,4464,431,South Dakota,00,Democratic,SD,SD-00
Tobi Beck,13.220430107526882,27.39516129032258,4918,10191,372,Indiana,04,Democratic,IN,IN-04
Todd Litton,6.073394495412844,16.48165137614679,2648,7186,436,Texas,02,Democratic,TX,TX-02
Tom Emmer,3.7362318840579714,13.104347826086956,1289,4521,345,Minnesota,06,Republican,MN,MN-06
Tom Graves,3.571428571428572,8.392857142857142,200,470,56,Georgia,14,Republican,GA,GA-14
Tom MacArthur,16.15,39.55,323,791,20,New Jersey,03,Republican,NJ,NJ-03
Tom Malinowski,39.54862842892768,107.7705735660848,15859,43216,401,New Jersey,07,Democratic,NJ,NJ-07
Tom McClintock,1.8608695652173912,5.3478260869565215,214,615,115,California,04,Republican,CA,CA-04
Tom O'Halleran,10.173469387755102,18.632653061224488,997,1826,98,Arizona,01,Democratic,AZ,AZ-01
Tom Palzewicz,7.301916932907348,14.076677316293928,4571,8812,626,Wisconsin,05,Democratic,WI,WI-05
Tom Reed,0.6382978723404256,1.9858156028368796,90,280,141,New York,23,Republican,NY,NY-23
Tom Rice,1.3333333333333333,2.5,8,15,6,South Carolina,07,Republican,SC,SC-07
Tom Suozzi,2.064516129032258,7.774193548387097,256,964,124,New York,03,Democratic,NY,NY-03
Tony Cardenas,0.3448275862068966,1.4827586206896552,10,43,29,California,29,Democratic,CA,CA-29
Tracy Lovvorn,2.782608695652174,5.539130434782609,320,637,115,Massachusetts,02,Republican,MA,MA-02
Tracy Mitrano,10.270018621973929,21.66666666666667,5515,11635,537,New York,23,Democratic,NY,NY-23
Travis Wines,1.5484764542936291,6.102493074792244,559,2203,361,Michigan,05,Republican,MI,MI-05
Trey Hollingsworth,2.9375,11.6875,47,187,16,Indiana,09,Republican,IN,IN-09
Troy Balderson,36.06185567010309,86.49828178694159,10494,25171,291,Ohio,12,Republican,OH,OH-12
Tulsi Gabbard,251.16642754662843,608.0358680057387,175063,423801,697,Hawaii,02,Democratic,HI,HI-02
Val Demings,0.8,2.8,4,14,5,Florida,10,Democratic,FL,FL-10
Van Taylor,3.26510067114094,12.177852348993287,973,3629,298,Texas,03,Republican,TX,TX-03
Vanessa Adia,11.714046822742475,29.866220735785948,7005,17860,598,Texas,12,Democratic,TX,TX-12
Vanessa Enoch,7.108374384236453,12.913793103448276,5772,10486,812,Ohio,08,Democratic,OH,OH-08
Vangie Williams,10.0401376146789,22.95068807339449,8755,20013,872,Virginia,01,Democratic,VA,VA-01
Veronica Escobar,12.532237673830593,41.331226295828074,9913,32693,791,Texas,16,Democratic,TX,TX-16
Vickie Yates Glisson,2.8551724137931034,10.717241379310343,414,1554,145,Kentucky,03,Republican,KY,KY-03
Vicky Hartzler,1.1440000000000001,3.8560000000000003,143,482,125,Missouri,04,Republican,MO,MO-04
Virginia Foxx,1.8846153846153848,3.5,49,91,26,North Carolina,05,Republican,NC,NC-05
Virginia Fuller,0.7647058823529411,1.3294117647058823,65,113,85,Florida,05,Republican,FL,FL-05
Walter Jones,0.27586206896551724,1.1551724137931034,16,67,58,North Carolina,03,Republican,NC,NC-03
Warren Davidson,0.0,1.0,0,1,1,Ohio,08,Republican,OH,OH-08
Wayne Liebnitzky,4.782608695652174,6.521739130434782,220,300,46,Florida,09,Republican,FL,FL-09
Wendy Rogers,7.324137931034483,11.332758620689654,4248,6573,580,Arizona,01,Republican,AZ,AZ-01
Will Hurd,2.4230769230769234,9.288461538461537,126,483,52,Texas,23,Republican,TX,TX-23
William Devine III,0.0,0.13333333333333333,0,4,30,Maryland,05,Republican,MD,MD-05
William Tanoos,6.132075471698112,14.537735849056606,1300,3082,212,Indiana,08,Democratic,IN,IN-08
William Timmons,3.0,11.61904761904762,126,488,42,South Carolina,04,Republican,SC,SC-04
Xochitl Torres Small,14.654708520179375,42.565022421524674,3268,9492,223,New Mexico,02,Democratic,NM,NM-02
Young Kim,9.512345679012343,20.11111111111111,1541,3258,162,California,39,Republican,CA,CA-39
Yvette Clarke,2.1970443349753697,7.266009852216749,446,1475,203,New York,09,Democratic,NY,NY-09
Yvette Herrell,12.047619047619047,21.752380952380953,1265,2284,105,New Mexico,02,Republican,NM,NM-02
Yvonne Hayes Hinson,1.5948275862068966,4.732758620689656,185,549,116,Florida,03,Democratic,FL,FL-03
Zoe Lofgren,0.4705882352941176,1.4117647058823528,8,24,17,California,19,Democratic,CA,CA-19
