name,ave_retweet,ave_favorite,retweet_count,favorite_count,tweet_count,state,district_N,party
Aaron Swisher,3.163265306122449,5.566326530612245,620,1091,196,Idaho,02,Democratic
Abby Finkenauer,23.77179487179487,77.4076923076923,9271,30189,390,Iowa,01,Democratic
Abigail Spanberger,29.395604395604394,75.64497041420118,34775,89488,1183,Virginia,07,Democratic
Adam Kinzinger,10.333333333333334,27.444444444444443,279,741,27,Illinois,16,Republican
Adam Smith,1.5245901639344261,6.202185792349726,279,1135,183,Washington,09,Democratic
Adriano Espaillat,9.25,42.25,74,338,8,New York,13,Democratic
Adrienne Bell,17.7882096069869,37.97307132459971,24441,52175,1374,Texas,14,Democratic
Aftab Pureval,49.841791044776116,183.66268656716417,16697,61527,335,Ohio,01,Democratic
Aja Smith,48.151051625239006,65.2906309751434,50366,68294,1046,California,41,Republican
Alan LaPolice,3.7719298245614037,7.0701754385964914,215,403,57,Kansas,01,Democratic
Alan Lowenthal,0.7063106796116505,1.9466019417475728,291,802,412,California,47,Democratic
Alexander Mooney,2.2933333333333334,6.306666666666667,172,473,75,West Virginia,02,Republican
Alexandria Ocasio-Cortez,716.1731620903454,3512.950841452613,1617119,7932243,2258,New York,14,Democratic
Alfred Lawson,0.48226950354609927,1.2624113475177305,68,178,141,Florida,05,Democratic
Alma Adams,3.0,9.333333333333334,27,84,9,North Carolina,12,Democratic
Alyse Galvin,6.543367346938775,19.433673469387756,2565,7618,392,Alaska,00,Democratic
Ameer Benno,0.6699507389162561,1.5467980295566504,136,314,203,New York,04,Republican
Ami Bera,3.9283018867924526,7.856603773584905,1041,2082,265,California,07,Democratic
Amie Hoeber,0.5194805194805194,2.4155844155844157,40,186,77,Maryland,06,Republican
Ammar Campa-Najjar,71.59370078740157,210.1748031496063,45462,133461,635,California,50,Democratic
Amy McGrath,148.87246376811595,562.472463768116,154083,582159,1035,Kentucky,06,Democratic
Andie Saizan,1.7431192660550459,3.5825688073394497,380,781,218,Louisiana,06,Democratic
Andre Carson,2.4468085106382977,6.595744680851064,115,310,47,Indiana,07,Democratic
Andrew Grant,1.4923076923076923,3.917948717948718,582,1528,390,California,07,Republican
Andrew Janz,772.5857487922706,1755.1497584541062,1279402,2906528,1656,California,22,Democratic
Andrew Kim,36.598290598290596,95.25128205128205,21410,55722,585,New Jersey,03,Democratic
Andy Barr,11.054347826086957,28.39855072463768,3051,7838,276,Kentucky,06,Republican
Andy Biggs,9.95,22.883333333333333,597,1373,60,Arizona,05,Republican
Andy Levin,2.923943661971831,8.033802816901408,1038,2852,355,Michigan,09,Democratic
Angel Cadena,0.2898550724637681,0.6376811594202898,20,44,69,Connecticut,03,Republican
Angie Craig,22.66866028708134,71.20813397129187,18951,59530,836,Minnesota,02,Democratic
Anita Malik,9.282644628099174,21.747107438016528,5616,13157,605,Arizona,06,Democratic
Ann Kirkpatrick,10.297814207650273,28.387978142076502,3769,10390,366,Arizona,02,Democratic
Ann Wagner,5.4186046511627906,17.941860465116278,466,1543,86,Missouri,02,Republican
Anna Eshoo,0.36363636363636365,1.4545454545454546,4,16,11,California,18,Democratic
Annie Kuster,4.3359375,12.5625,555,1608,128,New Hampshire,02,Democratic
Anthony Brindisi,22.6156462585034,65.01190476190476,13298,38227,588,New York,22,Democratic
Anthony Brown,5.0625,14.75,81,236,16,Maryland,04,Democratic
Anthony Flaccavento,3.9148073022312375,11.614604462474645,1930,5726,493,Virginia,09,Democratic
Anthony Gonzalez,8.314878892733564,66.93425605536332,2403,19344,289,Ohio,16,Republican
Antonio Delgado,14.779231398201144,46.60670482420278,18075,57000,1223,New York,19,Democratic
Antonio Sabato Jr.,35.73,84.83,3573,8483,100,California,26,Republican
Archie Parnell,91.3859649122807,157.44444444444446,31254,53846,342,South Carolina,05,Democratic
Art Robinson,1.9285714285714286,2.4107142857142856,108,135,56,Oregon,04,Republican
Audrey Denney,18.288,43.824,6858,16434,375,California,01,Democratic
Ava Pate,4.557971014492754,6.8731884057971016,3774,5691,828,Texas,18,Republican
Ayanna Pressley,21.81531853972799,94.2083035075161,30476,131609,1397,Massachusetts,07,Democratic
Barbara Comstock,9.063613231552162,24.96437659033079,3562,9811,393,Virginia,10,Republican
Barbara Lee,5.977829638273046,19.18086347724621,5123,16438,857,California,13,Democratic
Barry Loudermilk,1.0842105263157895,4.378947368421053,103,416,95,Georgia,11,Republican
Beau Liegeois,6.316582914572864,14.597989949748744,1257,2905,199,Wisconsin,08,Democratic
Ben Cline,65.44029850746269,152.32089552238807,8769,20411,134,Virginia,06,Republican
Ben McAdams,20.23008849557522,81.23893805309734,2286,9180,113,Utah,04,Democratic
Ben Ray Lujan,4.155172413793103,13.39655172413793,241,777,58,New Mexico,03,Democratic
Betsy Londrigan,19.035190615835777,54.29032258064516,6491,18513,341,Illinois,13,Democratic
Betsy Rader,17.944816053511705,39.986622073578594,10731,23912,598,Ohio,14,Democratic
Betty McCollum,1.9832134292565948,3.4556354916067145,827,1441,417,Minnesota,04,Democratic
Beverly Goldstein,36.34897959183674,44.05510204081633,17811,21587,490,Ohio,11,Republican
Bibiana Boerio,11.824742268041238,20.95876288659794,1147,2033,97,Pennsylvania,14,Democratic
Bill Flores,1.1111111111111112,2.3641975308641974,360,766,324,Texas,17,Republican
Bill Foster,0.8,2.8,28,98,35,Illinois,11,Democratic
Bill Johnson,0.75,3.4305555555555554,54,247,72,Ohio,06,Republican
Bill Keating,2.9285714285714284,6.982142857142857,164,391,56,Massachusetts,09,Democratic
Bill Pascrell,1.25,5.5,10,44,8,New Jersey,09,Democratic
Billy Long,0.38333333333333336,1.7916666666666667,92,430,240,Missouri,07,Republican
Blaine Luetkemeyer,1.1448275862068966,3.5517241379310347,166,515,145,Missouri,03,Republican
Bob Gibbs,2.3714285714285714,5.771428571428571,83,202,35,Ohio,07,Republican
Bob Latta,0.9680851063829787,3.265957446808511,91,307,94,Ohio,05,Republican
Bob Rackleff,1.4705882352941178,3.606811145510836,475,1165,323,Florida,02,Democratic
Bobby Scott,7.076923076923077,19.307692307692307,92,251,13,Virginia,03,Democratic
Brad Schneider,2.7160493827160495,13.08641975308642,220,1060,81,Illinois,10,Democratic
Brad Wenstrup,1.9345238095238095,10.357142857142858,325,1740,168,Ohio,02,Republican
Bradley Byrne,1.7424242424242424,5.318181818181818,115,351,66,Alabama,01,Republican
Brandon Brown,4.298969072164948,5.829896907216495,834,1131,194,South Carolina,04,Democratic
Brenda Lawrence,5.411347517730497,17.77304964539007,763,2506,141,Michigan,14,Democratic
Brendan Kelly,10.469072164948454,27.371134020618555,4062,10620,388,Illinois,12,Democratic
Brent Ottaway,8.018867924528301,13.679245283018869,425,725,53,Pennsylvania,13,Democratic
Brett Guthrie,1.0,8.0,9,72,9,Kentucky,02,Republican
Brian Babin,0.20689655172413793,2.896551724137931,6,84,29,Texas,36,Republican
Brian Evans,1.345,6.275,269,1255,200,Hawaii,02,Republican
Brian Fitzpatrick,2.9935064935064934,7.454545454545454,461,1148,154,Pennsylvania,01,Republican
Brian Higgins,2.2,8.8,44,176,20,New York,26,Democratic
Brian Mast,16.857142857142858,43.357142857142854,236,607,14,Florida,18,Republican
Bruce Poliquin,9.333333333333334,23.5,112,282,12,Maine,02,Republican
Bruce Westerman,0.554945054945055,2.5824175824175826,101,470,182,Arkansas,04,Republican
Bryan Leib,0.5630733944954128,2.853211009174312,982,4976,1744,Pennsylvania,03,Republican
Bryan Steil,2.175059952038369,10.585131894484412,907,4414,417,Wisconsin,01,Republican
Bryan Witt,6.144796380090498,14.294117647058824,1358,3159,221,California,27,Democratic
Cam Cavasso,2.076923076923077,2.8461538461538463,27,37,13,Hawaii,01,Republican
Candius Stearns,2.2098765432098766,7.216049382716049,358,1169,162,Michigan,09,Republican
Carlos Curbelo,13.415441176470589,34.49264705882353,7298,18764,544,Florida,26,Republican
Carol Miller,9.959016393442623,19.934426229508198,1215,2432,122,West Virginia,03,Republican
Carolyn Bourdeaux,55.72,89.03384615384616,36218,57872,650,Georgia,07,Democratic
Carolyn Long,23.302486187845304,51.80110497237569,16871,37504,724,Washington,03,Democratic
Carolyn Maloney,62.14545454545455,122.5050505050505,30762,60640,495,New York,12,Democratic
Casper Stockham,1.7894736842105263,8.709382151029748,782,3806,437,Colorado,01,Republican
Catherine Krantz,2.769881556683587,4.959390862944162,1637,2931,591,Texas,04,Democratic
Cathy Albro,3.0795454545454546,11.022727272727273,271,970,88,Michigan,03,Democratic
Cathy McMorris Rodgers,2.453488372093023,8.906976744186046,844,3064,344,Washington,05,Republican
Cedric Richmond,2.5,9.788461538461538,130,509,52,Louisiana,02,Democratic
Charles Fleischmann,0.9836065573770492,4.016393442622951,60,245,61,Tennessee,03,Republican
Charlie Crist,14.66326530612245,69.78571428571429,1437,6839,98,Florida,13,Democratic
Charlotte Bergmann,12.921725239616613,16.457667731629392,16178,20605,1252,Tennessee,09,Republican
Cheri Bustos,6.807017543859649,20.350877192982455,776,2320,114,Illinois,17,Democratic
Chintan Desai,9.765753424657534,22.424657534246574,7129,16370,730,Arkansas,01,Democratic
Chip Roy,6.289638932496075,17.277864992150707,8013,22012,1274,Texas,21,Republican
Chris Collins,5.258064516129032,16.774193548387096,163,520,31,New York,27,Republican
Chris Hunter,13.46056782334385,27.993690851735014,4267,8874,317,Florida,12,Democratic
Chris Pappas,9.834454912516824,27.47106325706595,7307,20411,743,New Hampshire,01,Democratic
Chris Peters,0.7317073170731707,3.1463414634146343,60,258,82,Iowa,02,Republican
Chris Stewart,1.4038461538461537,4.346153846153846,146,452,104,Utah,02,Republican
Chrissy Houlahan,49.79552715654952,145.69009584664536,15586,45601,313,Pennsylvania,06,Democratic
Christian Valiente,1.21875,2.6145833333333335,117,251,96,California,35,Republican
Christine Brown,15.175141242937853,30.084745762711865,2686,5325,177,Washington,04,Democratic
Christopher DePizzo,2.3865546218487395,6.651260504201681,1136,3166,476,Ohio,13,Republican
Chuck Enderlin,3.207612456747405,5.698961937716263,1854,3294,578,Georgia,03,Democratic
Cindy Axne,12.015625,30.713541666666668,4614,11794,384,Iowa,03,Democratic
Clarke Tucker,13.5247311827957,45.52903225806452,6289,21171,465,Arkansas,02,Democratic
Claudia Tenney,7.7784810126582276,21.104430379746834,2458,6669,316,New York,22,Republican
Clay Higgins,3.5,6.5,14,26,4,Louisiana,03,Republican
Clint Koble,4.889570552147239,7.975460122699387,797,1300,163,Nevada,02,Democratic
Colin Allred,28.7723292469352,90.7215411558669,16429,51802,571,Texas,32,Democratic
Collin Peterson,6.421052631578948,17.789473684210527,122,338,19,Minnesota,07,Democratic
Conor Lamb,1005.7311827956989,2804.9032258064517,280599,782568,279,Pennsylvania,17,Democratic
Cort VanOstran,16.561448900388097,54.38292367399741,12802,42038,773,Missouri,02,Democratic
Courtney Tritch,8.42962962962963,20.47962962962963,4552,11059,540,Indiana,03,Democratic
Craig Cameron,2.923076923076923,7.923076923076923,38,103,13,Illinois,07,Republican
Cresent Hardy,3.533333333333333,12.013333333333334,265,901,75,Nevada,04,Republican
Dan David,1.3532338308457712,3.3582089552238807,272,675,201,Pennsylvania,04,Republican
Dan DeBono,104.12814070351759,247.35175879396985,41443,98446,398,New York,03,Republican
Dan Feehan,20.257294429708224,57.89655172413793,7637,21827,377,Minnesota,01,Democratic
Dan Kildee,12.309859154929578,36.69718309859155,1748,5211,142,Michigan,05,Democratic
Dan Kohl,15.480978260869565,26.77173913043478,5697,9852,368,Wisconsin,06,Democratic
Dan McCready,30.276470588235295,85.67647058823529,10294,29130,340,North Carolina,09,Democratic
Dan Meuser,1.0546623794212218,4.163987138263666,328,1295,311,Pennsylvania,09,Republican
Dan Wood,8.0,15.290322580645162,1488,2844,186,Texas,05,Democratic
Dana Balter,12.982,35.8,6491,17900,500,New York,24,Democratic
Dana Rohrabacher,52.92156862745098,120.05882352941177,2699,6123,51,California,48,Republican
Daniel Crenshaw,30.983870967741936,98.04838709677419,7684,24316,248,Texas,02,Republican
Daniel Donovan,7.44,19.96,2232,5988,300,New York,11,Republican
Danielle Mitchell,13.899103139013453,30.706278026905828,6199,13695,446,Tennessee,03,Democratic
Danner Kline,23.058282208588956,52.25153374233129,7517,17034,326,Alabama,06,Democratic
Danny O'Connor,163.34470588235294,412.4682352941176,138843,350598,850,Ohio,12,Democratic
Danny Tarkanian,19.785813630041723,45.44089012517385,14226,32672,719,Nevada,03,Republican
Darren Soto,6.366666666666666,19.291666666666668,764,2315,120,Florida,09,Democratic
Daryl Kipnis,16.097995545657014,33.51447661469933,7228,15048,449,New Jersey,12,Republican
Dave Hughes,85.01033591731266,133.19379844961242,32899,51546,387,Minnesota,07,Republican
Dave Loebsack,4.617647058823529,16.823529411764707,157,572,34,Iowa,02,Democratic
David Brat,29.100456621004565,67.35616438356165,6373,14751,219,Virginia,07,Republican
David Brill,15.05940594059406,35.02121640735502,10647,24760,707,Arizona,04,Democratic
David Cicilline,112.04432132963989,365.2012927054478,121344,395513,1083,Rhode Island,01,Democratic
David Holden,24.710526315789473,68.95215311004785,10329,28822,418,Florida,19,Democratic
David Kustoff,5.313432835820896,16.28358208955224,356,1091,67,Tennessee,08,Republican
David Rouzer,1.3,1.91,130,191,100,North Carolina,07,Republican
David Schweikert,3.4,7.0,17,35,5,Arizona,06,Republican
David Shapiro,42.75675675675676,71.47297297297297,9492,15867,222,Florida,16,Democratic
David Smalling,0.45,0.86,45,86,100,Texas,35,Republican
David Trone,39.38785046728972,121.71495327102804,16858,52094,428,Maryland,06,Democratic
David Wilson Brown,7.313253012048193,9.771084337349398,1214,1622,166,North Carolina,10,Democratic
David Young,3.494047619047619,11.482142857142858,587,1929,168,Iowa,03,Republican
Dawn Barlow,6.562867215041128,15.592244418331374,5585,13269,851,Tennessee,06,Democratic
Dayna Steele,7.838655462184874,24.02436974789916,18656,57178,2380,Texas,36,Democratic
Dean Phillips,58.4294670846395,185.06896551724137,18639,59037,319,Minnesota,03,Democratic
Debbie Dingell,3.0,13.0,48,208,16,Michigan,12,Democratic
Debbie Lesko,11.429667519181585,23.10997442455243,4469,9036,391,Arizona,08,Republican
Debbie Mucarsel-Powell,20.66162570888469,51.27599243856333,10930,27125,529,Florida,26,Democratic
Debbie Wasserman Schultz,58.88947368421053,207.28947368421052,11189,39385,190,Florida,23,Democratic
Debra Haaland,32.757620817843865,81.41710037174721,44059,109506,1345,New Mexico,01,Democratic
Dee Thornton,7.465408805031447,24.48427672955975,1187,3893,159,Indiana,05,Democratic
Denise Adams,36.274436090225564,56.12406015037594,38596,59716,1064,North Carolina,05,Democratic
Denny Wolff,4.694656488549619,5.6603053435114505,1230,1483,262,Pennsylvania,09,Democratic
Denver Riggleman,7.987804878048781,20.96951219512195,2620,6878,328,Virginia,05,Republican
Derek Kilmer,0.9097744360902256,2.954887218045113,121,393,133,Washington,06,Democratic
Diana DeGette,1.7391304347826086,5.434782608695652,80,250,46,Colorado,01,Democratic
Diane Harkey,14.133333333333333,25.466666666666665,636,1146,45,California,49,Republican
Diane Mitsch Bush,4.073099415204679,11.064327485380117,1393,3784,342,Colorado,03,Democratic
Dino Rossi,11.533333333333333,36.77777777777778,1038,3310,90,Washington,08,Republican
Don Young,0.6666666666666666,4.533333333333333,10,68,15,Alaska,00,Republican
Donald McEachin,4.47457627118644,11.813559322033898,264,697,59,Virginia,04,Democratic
Donald Norcross,0.7114093959731543,3.0939597315436242,106,461,149,New Jersey,01,Democratic
Donna Shalala,63.52530120481928,167.99036144578312,26363,69716,415,Florida,27,Democratic
Doris Matsui,0.9901960784313726,3.9607843137254903,101,404,102,California,06,Democratic
Doug Bennett,1.345679012345679,2.3580246913580245,109,191,81,Illinois,10,Republican
Doug Collins,9.760416666666666,28.65625,1874,5502,192,Georgia,09,Republican
Doug LaMalfa,3.5,7.583333333333333,42,91,12,California,01,Republican
Drew Ferguson,1.5384615384615385,5.846153846153846,80,304,52,Georgia,03,Republican
Dusty Johnson,1.9318181818181819,9.681818181818182,85,426,44,South Dakota,00,Republican
Dwight Evans,4.298472385428907,7.188014101057579,3658,6117,851,Pennsylvania,03,Democratic
"Earl ""Buddy"" Carter",1.6666666666666667,3.5733333333333333,125,268,75,Georgia,01,Republican
Earl Blumenauer,50.6705069124424,160.11290322580646,21991,69489,434,Oregon,03,Democratic
Ed Perlmutter,4.53030303030303,13.712121212121213,598,1810,132,Colorado,07,Democratic
Eddie Edwards,15.103797468354431,29.47848101265823,5966,11644,395,New Hampshire,01,Republican
Elaine Luria,28.31934731934732,73.87179487179488,12149,31691,429,Virginia,02,Democratic
Elijah Cummings,2.28125,4.21875,73,135,32,Maryland,07,Democratic
Elise Stefanik,4.671586715867159,21.865313653136532,2532,11851,542,New York,21,Republican
Elissa Slotkin,53.87290969899666,136.62876254180603,16108,40852,299,Michigan,08,Democratic
Elizabeth Heng,95.50943396226415,190.20754716981133,20248,40324,212,California,16,Republican
Emanuel Cleaver,1.1403508771929824,2.8421052631578947,260,648,228,Missouri,05,Democratic
Eric Holguin,14.64,29.855,2928,5971,200,Texas,27,Democratic
Eric Swalwell,73.29498525073747,190.7212389380531,49694,129309,678,California,15,Democratic
Erik Paulsen,5.4033613445378155,14.983193277310924,643,1783,119,Minnesota,03,Republican
Flynn Broady Jr.,4.6929460580912865,5.551867219917012,1131,1338,241,Georgia,11,Democratic
Francis Rooney,0.7046979865771812,2.785234899328859,105,415,149,Florida,19,Republican
Francys Johnson,3.8777292576419216,8.179039301310043,888,1873,229,Georgia,12,Democratic
Frank McNeill,5.899328859060403,14.228187919463087,879,2120,149,North Carolina,08,Democratic
Frank Pallone,3.1686746987951806,9.55421686746988,263,793,83,New Jersey,06,Democratic
Fred Upton,1.1384615384615384,5.746153846153846,148,747,130,Michigan,06,Republican
French Hill,3.8524590163934427,11.081967213114755,235,676,61,Arkansas,02,Republican
Garret Graves,0.5714285714285714,6.0,4,42,7,Louisiana,06,Republican
Gary Palmer,2.1578947368421053,7.473684210526316,82,284,38,Alabama,06,Republican
George Buck,0.45263157894736844,1.4105263157894736,43,134,95,Florida,13,Republican
George McDermott,0.043478260869565216,0.391304347826087,1,9,23,Maryland,04,Republican
George Scott,6.701711491442543,14.58924205378973,2741,5967,409,Pennsylvania,10,Democratic
Gerald Connolly,6.564102564102564,15.153846153846153,256,591,39,Virginia,11,Democratic
Ges Selmont,3.8203125,7.859375,489,1006,128,Florida,04,Democratic
Gil Cisneros,16.78197997775306,32.80422691879866,15087,29491,899,California,39,Democratic
Gina Ortiz Jones,46.26627218934911,115.67455621301775,15638,39098,338,Texas,23,Democratic
Glenn Grothman,0.9698275862068966,2.0086206896551726,225,466,232,Wisconsin,06,Republican
Glenn Thompson,0.16517857142857142,0.29017857142857145,37,65,224,Pennsylvania,15,Republican
Grace Meng,10.486177311725452,33.780743565300284,11000,35436,1049,New York,06,Democratic
Greg Gianforte,37.34782608695652,169.7826086956522,859,3905,23,Montana,00,Republican
Greg McCauley,4.481012658227848,5.031645569620253,708,795,158,Pennsylvania,06,Republican
Greg Pence,6.002832861189802,23.297450424929178,2119,8224,353,Indiana,06,Republican
Greg Ryan,3.21875,6.65625,103,213,32,Minnesota,04,Republican
Greg Steube,13.538461538461538,45.57692307692308,352,1185,26,Florida,17,Republican
Greg Walden,5.5,9.5,11,19,2,Oregon,02,Republican
Gretchen Driskell,4.404255319148936,17.21276595744681,1035,4045,235,Michigan,07,Democratic
Guy Reschenthaler,1.3,5.7625,104,461,80,Pennsylvania,14,Republican
Gwen Moore,5.438679245283019,16.20754716981132,1153,3436,212,Wisconsin,04,Democratic
Hakeem Jeffries,2.4444444444444446,6.888888888888889,22,62,9,New York,08,Democratic
Haley Stevens,12.736493936052922,38.92282249173098,11552,35303,907,Michigan,11,Democratic
Hank Johnson,2.8292682926829267,8.231707317073171,232,675,82,Georgia,04,Democratic
Hank Linderman,1.2647058823529411,2.698529411764706,172,367,136,Kentucky,02,Democratic
Harley Rouda,260.00323176361957,473.16943674976915,563167,1024885,2166,California,48,Democratic
Harry Arora,72.23177083333333,217.90625,27737,83676,384,Connecticut,04,Republican
Hayden Shamel,7.053571428571429,16.883928571428573,790,1891,112,Arkansas,04,Democratic
Henry Martin,8.907865168539326,17.91685393258427,3964,7973,445,Missouri,06,Democratic
Hiral Tipirneni,214.91337099811676,464.4406779661017,114119,246618,531,Arizona,08,Democratic
Ian Todd,4.40461215932914,11.255765199161425,2101,5369,477,Minnesota,06,Democratic
Ilhan Omar,43.81329561527581,225.77015558698727,61952,319239,1414,Minnesota,05,Democratic
J.D. Scholten,108.64081255771006,251.16620498614958,117658,272013,1083,Iowa,04,Democratic
Jack Bergman,2.0,8.666666666666666,6,26,3,Michigan,01,Republican
Jackie Speier,1.9390243902439024,5.609756097560975,159,460,82,California,14,Democratic
Jackie Walorski,0.7830508474576271,3.3728813559322033,231,995,295,Indiana,02,Republican
Jahana Hayes,15.687671232876712,51.6958904109589,5726,18869,365,Connecticut,05,Democratic
Jaime Herrera Beutler,2.6097560975609757,5.121951219512195,107,210,41,Washington,03,Republican
James Baird,0.9391891891891891,4.054054054054054,139,600,148,Indiana,04,Republican
James Comer Jr.,10.925465838509316,58.024844720496894,1759,9342,161,Kentucky,01,Republican
James Maxwell,2.961620469083156,8.852878464818764,1389,4152,469,New York,25,Republican
James O'Donnell,2.5113636363636362,5.153409090909091,442,907,176,New York,18,Republican
James Singer,5.4904692082111435,16.576246334310852,7489,22610,1364,Utah,03,Democratic
James Thompson,18.338482202820686,48.079247817327065,27306,71590,1489,Kansas,04,Democratic
Jamie McLeod-Skinner,24.32312925170068,49.9608843537415,14302,29377,588,Oregon,02,Democratic
Jamie Raskin,8.536585365853659,32.09756097560975,350,1316,41,Maryland,08,Democratic
Jamie Schoolcraft,4.634241245136187,9.27626459143969,1191,2384,257,Missouri,07,Democratic
Jan McDowell,8.579931972789115,19.047619047619047,5045,11200,588,Texas,24,Democratic
Jan Schakowsky,2.593582887700535,5.74331550802139,485,1074,187,Illinois,09,Democratic
Jana Lynne Sanchez,7.142548596112311,23.84557235421166,6614,22081,926,Texas,06,Democratic
Janet Garrett,244.13953488372093,538.062015503876,157470,347050,645,Ohio,04,Democratic
Janice Arnold-Jones,0.6076675026872089,0.8935865281261197,1696,2494,2791,New Mexico,01,Republican
Jared Golden,25.917582417582416,63.81868131868132,4717,11615,182,Maine,02,Democratic
Jared Huffman,9.185089974293058,27.659383033419022,7146,21519,778,California,02,Democratic
Jason Crow,35.835489833641404,92.77818853974122,19387,50193,541,Colorado,06,Democratic
Jason Lewis,27.737142857142857,70.44571428571429,4854,12328,175,Minnesota,02,Republican
Jason Nichols,5.015723270440252,8.632075471698114,1595,2745,318,Oklahoma,02,Democratic
Jason Smith,4.597609561752988,16.687250996015937,4616,16754,1004,Missouri,08,Republican
Jay Webber,7.882857142857143,20.76,2759,7266,350,New Jersey,11,Republican
Jeannine Lee Lake,5.93048128342246,17.919786096256683,2218,6702,374,Indiana,06,Democratic
Jeff Denham,3.4027777777777777,7.298611111111111,980,2102,288,California,10,Republican
Jeff Dove,5.1919561243144425,10.455210237659964,2840,5719,547,Virginia,11,Republican
Jeff Jones,0.22413793103448276,0.603448275862069,26,70,116,Michigan,12,Republican
Jennie Lou Leeder,4.656639004149378,6.514522821576763,4489,6280,964,Texas,11,Democratic
Jennifer Lewis,7.243611584327087,17.83304940374787,4252,10468,587,Virginia,06,Democratic
Jennifer Nye,0.7241379310344828,1.6551724137931034,84,192,116,Connecticut,01,Republican
Jennifer Wexton,36.228388473852725,104.98932764140875,33946,98375,937,Virginia,10,Democratic
Jennifer Zielinski,4.085427135678392,8.577889447236181,813,1707,199,Minnesota,05,Republican
Jennifer Zimmerman,5.000884955752213,8.202654867256637,5651,9269,1130,Florida,01,Democratic
Jeramey Anderson,5.3130590339892665,11.456171735241503,2970,6404,559,Mississippi,04,Democratic
Jerry Hilliard,2.8048780487804876,6.7317073170731705,115,276,41,Michigan,04,Democratic
Jerry McNerney,1.05,3.75,21,75,20,California,09,Democratic
Jesse Colvin,9.211974110032363,26.011326860841425,5693,16075,618,Maryland,01,Democratic
Jessee Carlton Fleenor,20.333333333333332,27.714285714285715,427,582,21,Louisiana,05,Democratic
Jessica King,27.568848758465013,82.627539503386,12213,36604,443,Pennsylvania,11,Democratic
Jessica McClure,3.6373779637377965,9.0697350069735,2608,6503,717,Nebraska,01,Democratic
Jessica Morse,59.54278416347382,127.69093231162196,46622,99982,783,California,04,Democratic
Jill Schiller,13.877358490566039,27.254716981132077,2942,5778,212,Ohio,02,Democratic
Jim Banks,4.449735449735449,17.973544973544975,841,3397,189,Indiana,03,Republican
Jim Burgess,0.0,0.0,0,0,2,Ohio,03,Republican
Jim Cooper,6.052631578947368,17.894736842105264,115,340,19,Tennessee,05,Democratic
Jim Francis,11.441441441441441,23.745173745173744,8890,18450,777,Louisiana,01,Democratic
Jim Hagedorn,9.494845360824742,17.443298969072163,2763,5076,291,Minnesota,01,Republican
Jim Himes,98.02134146341463,289.405487804878,64302,189850,656,Connecticut,04,Democratic
Jim Langevin,0.5873015873015873,1.1150793650793651,148,281,252,Rhode Island,02,Democratic
Jim McGovern,3.305263157894737,9.789473684210526,314,930,95,Massachusetts,02,Democratic
Jimmy Gomez,5.421933085501859,24.855018587360593,2917,13372,538,California,34,Democratic
Jimmy Panetta,1.2352941176470589,5.882352941176471,21,100,17,California,20,Democratic
Jineea Butler,0.8235294117647058,2.588235294117647,42,132,51,New York,13,Republican
Jitendra Diganvker,0.5030674846625767,1.3190184049079754,82,215,163,Illinois,08,Republican
Joan Greene,6.6253498600559775,13.558976409436225,16570,33911,2501,Arizona,05,Democratic
Joaquin Castro,17.576576576576578,75.23423423423424,1951,8351,111,Texas,20,Democratic
Jodey Arrington,0.875,8.25,7,66,8,Texas,19,Republican
Jody Ball,0.3992248062015504,0.5891472868217055,103,152,258,Tennessee,05,Republican
Joe Courtney,1.5416666666666667,5.25,37,126,24,Connecticut,02,Democratic
Joe Cunningham,73.499095840868,188.3652802893309,40645,104166,553,South Carolina,01,Democratic
Joe Kaufman,0.772020725388601,1.0932642487046633,596,844,772,Florida,23,Republican
Joe Neguse,19.20689655172414,80.55172413793103,557,2336,29,Colorado,02,Democratic
Joe Profit,8.0,15.0,48,90,6,Georgia,04,Republican
Joe Radinovich,9.600760456273765,30.749049429657795,2525,8087,263,Minnesota,08,Democratic
Joe Vitollo,0.6703056768558951,2.910480349344978,307,1333,458,New York,20,Republican
Joe Wilson,4.625,11.5,37,92,8,South Carolina,02,Republican
John Carter,4.318181818181818,11.075757575757576,855,2193,198,Texas,31,Republican
John Chrin,2.5219638242894056,6.439276485788113,976,2492,387,Pennsylvania,08,Republican
John Culberson,2.822314049586777,5.446280991735537,683,1318,242,Texas,07,Republican
John Curtis,2.096330275229358,15.995412844036696,457,3487,218,Utah,03,Republican
John Elleson,0.5302013422818792,2.161073825503356,79,322,149,Illinois,09,Republican
John Faso,3.428125,8.728125,1097,2793,320,New York,19,Republican
John Fitzgerald,1.5078125,4.046875,193,518,128,California,11,Republican
John Garamendi,1.6,2.466666666666667,24,37,15,California,03,Democratic
John Hugo,11.266666666666667,7.833333333333333,338,235,30,Massachusetts,05,Republican
John Joyce,3.8043478260869565,8.26086956521739,175,380,46,Pennsylvania,13,Republican
John Larson,3.2294573643410853,6.431007751937985,2083,4148,645,Connecticut,01,Democratic
John McCann,17.224137931034484,46.916666666666664,5994,16327,348,New Jersey,05,Republican
John Michael Galbraith,6.471374045801527,10.83969465648855,6782,11360,1048,Ohio,05,Democratic
John Moolenaar,0.0,3.0,0,3,1,Michigan,04,Republican
John Ratcliffe,16.0,54.333333333333336,48,163,3,Texas,04,Republican
John Rutherford,0.0,4.0,0,4,1,Florida,04,Republican
John Sarbanes,0.717948717948718,2.2051282051282053,28,86,39,Maryland,03,Democratic
John Shimkus,0.0,0.0,0,0,1,Illinois,15,Republican
Johnny Nalbandian,55.0,82.06117908787542,49445,73773,899,California,28,Republican
Jose Serrano,12.0,40.2,60,201,5,New York,15,Democratic
Joseph Crowley,25.203732503888023,154.8040435458787,16206,99539,643,New York,14,Democratic
Joseph Kennedy III,186.74825174825176,673.3636363636364,26705,96291,143,Massachusetts,04,Democratic
Joseph Kopser,6.617210682492582,21.605341246290802,4460,14562,674,Texas,21,Democratic
Joseph Morelle,4.462745098039216,14.862745098039216,1138,3790,255,New York,25,Democratic
Joseph Schneider,3.739130434782609,6.391304347826087,86,147,23,Massachusetts,06,Republican
Josh Gottheimer,1.8041237113402062,8.77319587628866,875,4255,485,New Jersey,05,Democratic
Josh Guillory,1.7608695652173914,2.9130434782608696,81,134,46,Louisiana,03,Republican
Josh Harder,20.16949152542373,50.451977401129945,10710,26790,531,California,10,Democratic
Josh McCall,11.50390015600624,25.970358814352576,14748,33294,1282,Georgia,09,Democratic
Josh Welle,8.98137535816619,22.070200573065904,6269,15405,698,New Jersey,04,Democratic
Joshua Mahony,11.252032520325203,25.54308943089431,6920,15709,615,Arkansas,03,Democratic
Joyce Beatty,1.6444444444444444,6.2,74,279,45,Ohio,03,Democratic
Joyce Bentley,1.121212121212121,2.1515151515151514,37,71,33,Nevada,01,Republican
Julia Brownley,1.7820512820512822,4.076923076923077,139,318,78,California,26,Democratic
Julia Peacock,9.957050823192555,25.109520400858983,13910,35078,1397,California,42,Democratic
Julie Oliver,35.91216655823032,92.43331164606376,55197,142070,1537,Texas,25,Democratic
Junius Rodriguez,7.420110192837465,19.582644628099175,5387,14217,726,Illinois,18,Democratic
Justin Amash,204.10206718346254,594.1459948320413,157975,459869,774,Michigan,03,Republican
Justin DeWitt,10.673667205169629,22.87237479806139,6607,14158,619,Louisiana,06,Democratic
Justin Fareed,2.201535508637236,4.038387715930902,1147,2104,521,California,24,Republican
Justin Kanew,21.366197183098592,46.34028169014085,37925,82254,1775,Tennessee,07,Democratic
Kara Eastman,20.2671875,62.4015625,12971,39937,640,Nebraska,02,Democratic
Karen Bass,3.0,6.525,120,261,40,California,37,Democratic
Karen Handel,17.0126582278481,57.107594936708864,2688,9023,158,Georgia,06,Republican
Karen McCormick,4.498168498168498,9.435897435897436,1228,2576,273,Colorado,04,Democratic
Katherine Clark,9.661764705882353,25.191176470588236,657,1713,68,Massachusetts,05,Democratic
Kathleen Rice,0.75,5.25,9,63,12,New York,04,Democratic
Kathleen Williams,9.60632183908046,26.336206896551722,3343,9165,348,Montana,00,Democratic
Kathy Castor,5.775510204081633,14.66326530612245,566,1437,98,Florida,14,Democratic
Kathy Ellis,4.328859060402684,7.573825503355705,1290,2257,298,Missouri,08,Democratic
Kathy Manning,16.71707317073171,35.178048780487806,6854,14423,410,North Carolina,13,Democratic
Katie Arrington,91.8048048048048,266.77477477477476,30571,88836,333,South Carolina,01,Republican
Katie Hill,36.305613305613306,105.24012474012474,34926,101241,962,California,25,Democratic
Katie Porter,36.45180722891566,92.46299483648882,42357,107442,1162,California,45,Democratic
Katy Geppert,2.3866666666666667,5.76,179,432,75,Missouri,03,Democratic
Kelly Armstrong,3.8627450980392157,19.69934640522876,591,3014,153,North Dakota,00,Republican
Ken Calvert,2.7058823529411766,7.029411764705882,92,239,34,California,42,Republican
Ken Harbaugh,17.93617021276596,42.389057750759875,5901,13946,329,Ohio,07,Democratic
Kendra Fershee,7.075812274368231,16.332129963898918,1960,4524,277,West Virginia,01,Democratic
Kendra Horn,5.04,20.234782608695653,2898,11635,575,Oklahoma,05,Democratic
Kenneth Wright,67.10877192982456,115.11578947368422,38252,65616,570,California,33,Republican
Kenny Marchant,0.375,2.6666666666666665,9,64,24,Texas,24,Republican
Kevin Brady,2.1645885286783044,4.9551122194513715,868,1987,401,Texas,08,Republican
Kevin Gaither,1.8282442748091603,3.589058524173028,1437,2821,786,Illinois,15,Democratic
Kevin Hern,1.6213991769547325,3.97119341563786,394,965,243,Oklahoma,01,Republican
Kevin McCarthy,17.166666666666668,46.333333333333336,103,278,6,California,23,Republican
Kevin Yoder,12.163346613545817,23.804780876494025,3053,5975,251,Kansas,03,Republican
Kim Schrier,37.866840731070496,73.06005221932115,14503,27982,383,Washington,08,Democratic
Kimberlin Brown Pelzer,15.741935483870968,51.94758064516129,3904,12883,248,California,36,Republican
Kimberly Bizon,5.8439201451905625,7.014519056261343,3220,3865,551,Michigan,10,Democratic
Kristen Carlson,17.94736842105263,31.36842105263158,682,1192,38,Florida,15,Democratic
Kurt Schrader,4.4,9.8,22,49,5,Oregon,05,Democratic
Kyle Horton,16.403035413153457,29.446880269814503,9727,17462,593,North Carolina,07,Democratic
Larry Bucshon,1.903225806451613,6.193548387096774,59,192,31,Indiana,08,Republican
Lauren Baer,12.792122538293217,26.769146608315097,11692,24467,914,Florida,18,Democratic
Lauren Underwood,43.740279937791605,117.66718506998444,28125,75660,643,Illinois,14,Democratic
Lea Marquez Peterson,3.915422885572139,12.467661691542288,787,2506,201,Arizona,02,Republican
Lee Auman,15.183856502242152,24.053811659192824,3386,5364,223,Alabama,04,Democratic
Lee Castillo,2.9432624113475176,5.51063829787234,830,1554,282,Utah,01,Democratic
Lee Zeldin,144.74883720930234,355.78139534883724,31121,76493,215,New York,01,Republican
Lena Epstein,26.54,51.008,6635,12752,250,Michigan,11,Republican
Leonard Lance,7.108108108108108,8.54054054054054,263,316,37,New Jersey,07,Republican
Leslie Cockburn,3.925925925925926,11.304526748971194,954,2747,243,Virginia,05,Democratic
Linda Coleman,12.108910891089108,24.366336633663366,1223,2461,101,North Carolina,02,Democratic
Linsey Fagan,8.75,28.509067357512954,6755,22009,772,Texas,26,Democratic
Lisa Blunt Rochester,4.741935483870968,25.032258064516128,294,1552,62,Delaware,00,Democratic
Lisa Brown,44.63125,109.565,35705,87652,800,Washington,05,Democratic
Lisa Ring,15.733732236350038,27.770381451009722,21036,37129,1337,Georgia,01,Democratic
Liuba Grechen Shirley,20.43126520681265,54.58576642335766,33589,89739,1644,New York,02,Democratic
Liz Matory,3.6307692307692307,12.492307692307692,236,812,65,Maryland,02,Republican
Liz Watson,10.430720506730008,26.707046714172606,13174,33731,1263,Indiana,09,Democratic
Lizzie Pannill Fletcher,24.104774535809018,48.29840848806366,18175,36417,754,Texas,07,Democratic
Lloyd Doggett,2.1607142857142856,5.723214285714286,242,641,112,Texas,35,Democratic
Lois Frankel,5.0,8.0,10,16,2,Florida,21,Democratic
Lori Trahan,6.642857142857143,17.066233766233765,5115,13141,770,Massachusetts,03,Democratic
Lorie Burch,6.11496062992126,12.15275590551181,3883,7717,635,Texas,03,Democratic
Lutchi Gayot,19.27840909090909,73.91287878787878,10179,39026,528,New York,09,Republican
M.J. Hegar,68.27727272727273,231.4090909090909,30042,101820,440,Texas,31,Democratic
Mac Schneider,3.3089005235602094,15.575916230366492,632,2975,191,North Dakota,00,Democratic
Mac Thornberry,1.1111111111111112,3.0,10,27,9,Texas,13,Republican
Madeleine Dean,10.382743362831858,32.90486725663717,4693,14873,452,Pennsylvania,04,Democratic
Mallory Hagan,10.682791435368754,25.846946867565425,13471,32593,1261,Alabama,03,Democratic
Manny Santos,2.5114942528735633,4.574712643678161,437,796,174,Connecticut,05,Republican
Marc Friedenberg,4.466960352422907,10.083700440528634,2028,4578,454,Pennsylvania,12,Democratic
Marc Veasey,4.73469387755102,25.448979591836736,232,1247,49,Texas,33,Democratic
Marcia Fudge,4.5,11.0,9,22,2,Ohio,11,Democratic
Marcy Kaptur,1.3783783783783783,3.918918918918919,51,145,37,Ohio,09,Democratic
Margaret Engebretson,11.301724137931034,18.84051724137931,2622,4371,232,Wisconsin,07,Democratic
Maria Elvira Salazar,17.942307692307693,48.49038461538461,5598,15129,312,Florida,27,Republican
Mariah Phillips,2.0,6.666666666666667,12,40,6,Tennessee,04,Democratic
Mario Diaz-Balart,2.730769230769231,7.288461538461538,142,379,52,Florida,25,Republican
Mark Amodei,11.0,36.0,11,36,1,Nevada,02,Republican
Mark Callahan,5.223684210526316,5.171052631578948,397,393,76,Oregon,05,Republican
Mark DeSaulnier,1.3770491803278688,3.4262295081967213,84,209,61,California,11,Democratic
Mark Green,5.617801047120419,17.979057591623036,1073,3434,191,Tennessee,07,Republican
Mark Harris,7.62200956937799,20.22488038277512,1593,4227,209,North Carolina,09,Republican
Mark Holbrook,0.5,0.967391304347826,138,267,276,Maine,01,Republican
Mark Pocan,12.202898550724637,40.344202898550726,3368,11135,276,Wisconsin,02,Democratic
Mark Takano,3.0,5.0,3,5,1,California,41,Democratic
Mark Walker,1.5098039215686274,6.019607843137255,77,307,51,North Carolina,06,Republican
Mark Wayne Lorch,0.17647058823529413,0.7058823529411765,3,12,17,Illinois,04,Republican
Markwayne Mullin,1.0206185567010309,2.979381443298969,99,289,97,Oklahoma,02,Republican
Marla Livengood,3.282608695652174,6.967391304347826,302,641,92,California,09,Republican
Marty Nothstein,1.4583333333333333,5.2592592592592595,315,1136,216,Pennsylvania,07,Republican
Marty Olsen,4.141430948419301,11.267886855241265,2489,6772,601,Tennessee,01,Democratic
Mary Barzee Flores,19.064814814814813,41.199074074074076,4118,8899,216,Florida,25,Democratic
Mary Brannon,3.926605504587156,5.541284403669724,428,604,109,Oklahoma,04,Democratic
Mary Gay Scanlon,10.086705202312139,24.134874759152215,5235,12526,519,Pennsylvania,05,Democratic
Mary Geren,38.25854700854701,54.64102564102564,17905,25572,468,South Carolina,03,Democratic
Matt Cartwright,11.39047619047619,21.533333333333335,1196,2261,105,Pennsylvania,08,Democratic
Matt Gaetz,180.13140311804008,480.97995545657017,80879,215960,449,Florida,01,Republican
Matt Longjohn,11.192307692307692,20.641025641025642,873,1610,78,Michigan,06,Democratic
Max Rose,15.110285006195786,43.76951672862454,12194,35322,807,New York,11,Democratic
Maxine Waters,21.18237347294939,39.17888307155323,24275,44899,1146,California,43,Democratic
Mel Hall,2.8814814814814813,10.790123456790123,1167,4370,405,Indiana,02,Democratic
Mia Love,28.823170731707318,142.65243902439025,4727,23395,164,Utah,04,Republican
Michael Bishop,1.576271186440678,5.330508474576271,186,629,118,Michigan,08,Republican
Michael Evans,4.880281690140845,11.077464788732394,693,1573,142,Mississippi,03,Democratic
Michael Gallagher,1.3928571428571428,8.25,39,231,28,Wisconsin,08,Republican
Michael Guest,3.5386533665835413,13.241895261845386,1419,5310,401,Mississippi,03,Republican
Michael McCaul,1.1911764705882353,3.4754901960784315,243,709,204,Texas,10,Republican
Michael Simpson,1.1702127659574468,4.9787234042553195,55,234,47,Idaho,02,Republican
Michael Turner,2.1923076923076925,7.538461538461538,57,196,26,Ohio,10,Republican
Michael Waltz,7.521951219512195,17.51219512195122,3084,7180,410,Florida,06,Republican
Miguel Levario,6.149171270718232,12.784530386740332,2226,4628,362,Texas,19,Democratic
Mike Bost,5.8478260869565215,24.282608695652176,269,1117,46,Illinois,12,Republican
Mike Coffman,5.3125,8.9375,85,143,16,Colorado,06,Republican
Mike Johnson,0.6666666666666666,10.333333333333334,2,31,3,Louisiana,04,Republican
Mike Kelly,1.345679012345679,3.5185185185185186,109,285,81,Pennsylvania,16,Republican
Mike Levin,462.1493886230728,1142.9005847953217,869303,2149796,1881,California,49,Democratic
Mike Miller,9.666666666666666,22.272357723577237,2378,5479,246,Florida,07,Republican
Mike Quigley,0.55,0.7,44,56,80,Illinois,05,Democratic
Mike Rogers,2.1666666666666665,4.966666666666667,130,298,60,Alabama,03,Republican
Mike Thompson,0.6956521739130435,2.260869565217391,32,104,46,California,05,Democratic
Mikie Sherrill,41.149668874172185,119.23178807947019,31068,90020,755,New Jersey,11,Democratic
Mildred Methvin,9.428571428571429,20.67142857142857,4620,10129,490,Louisiana,03,Democratic
Mimi Walters,9.36,26.19,936,2619,100,California,45,Republican
Morgan Griffith,4.006535947712418,6.496732026143791,613,994,153,Virginia,09,Republican
Morgan Murtaugh,18.042194092827003,71.61181434599156,8552,33944,474,California,53,Republican
Nancy Pelosi,1136.163916391639,2419.136413641364,1032773,2198995,909,California,12,Democratic
Nancy Soderberg,16.57243816254417,34.10600706713781,4690,9652,283,Florida,06,Democratic
Nanette Barrag√°n,2.201729106628242,9.409221902017292,764,3265,347,California,44,Democratic
Naomi Levin,36.23876404494382,83.38202247191012,12901,29684,356,New York,10,Republican
Nate McMurray,18.02532751091703,65.45502183406114,41278,149892,2290,New York,27,Democratic
Neal Dunn,1.9333333333333333,4.866666666666666,29,73,15,Florida,02,Republican
Nick Stella,7.0,5.8,35,29,5,Illinois,11,Republican
Nicolas Kimaz,1.46875,2.875,141,276,96,Florida,22,Republican
Norma Torres,1.6571428571428573,4.6,116,322,70,California,35,Democratic
Nydia Velazquez,3.2865707434052758,14.816546762589928,2741,12357,834,New York,07,Democratic
Omar Navarro,827.0970556161396,1769.4656488549617,758448,1622600,917,California,43,Republican
Patrick McHenry,0.8717948717948718,2.2051282051282053,34,86,39,North Carolina,10,Republican
Paul Davis,12.50383631713555,35.02046035805627,4889,13693,391,Kansas,02,Democratic
Paul Dilks,0.43478260869565216,1.0,70,161,161,New Jersey,01,Republican
Paul Theobald,5.6996699669967,9.613861386138614,1727,2913,303,Nebraska,03,Democratic
Paul Tonko,0.6186224489795918,1.1122448979591837,485,872,784,New York,20,Democratic
Paul Walker,7.0,14.546666666666667,525,1091,75,Kentucky,01,Democratic
Pearl Kim,2.585526315789474,10.901315789473685,393,1657,152,Pennsylvania,05,Republican
Perry Gershon,13.385796545105567,39.27831094049904,6974,20464,521,New York,01,Democratic
Pete Aguilar,2.6666666666666665,10.0,8,30,3,California,31,Democratic
Pete Olson,0.8781725888324873,2.6091370558375635,173,514,197,Texas,22,Republican
Pete Sessions,1.261111111111111,2.2111111111111112,227,398,180,Texas,32,Republican
Pete Stauber,17.65989847715736,44.86548223350254,6958,17677,394,Minnesota,08,Republican
Peter DeFazio,2.3333333333333335,7.0,7,21,3,Oregon,04,Democratic
Peter Joffrion,22.19402985074627,45.005330490405115,20818,42215,938,Alabama,05,Democratic
Peter King,9.0,22.75,144,364,16,New York,02,Republican
Peter Tedeschi,1.6582278481012658,4.561181434599156,393,1081,237,Massachusetts,09,Republican
Peter Visclosky,2.0,4.75,8,19,4,Indiana,01,Democratic
Peter Welch,2.0714285714285716,11.607142857142858,58,325,28,Vermont,00,Democratic
Peter Yu,1.875,7.775,75,311,40,Colorado,02,Republican
Phillip Aronoff,1.5054945054945055,3.4615384615384617,137,315,91,Texas,29,Republican
Phillip Price,20.336569579288025,35.6294498381877,12568,22019,618,North Carolina,11,Democratic
Pramila Jayapal,29.186904761904763,101.18928571428572,24517,84999,840,Washington,07,Democratic
Raja Krishnamoorthi,3.5,13.5,7,27,2,Illinois,08,Democratic
Ralph Abraham,1.962962962962963,6.62962962962963,53,179,27,Louisiana,05,Republican
Randy Bryce,1201.30175210902,3171.8799480856587,1851206,4887867,1541,Wisconsin,01,Democratic
Randy Hultgren,2.076923076923077,2.1538461538461537,27,28,13,Illinois,14,Republican
Randy Wadkins,16.810650887573964,20.402366863905325,2841,3448,169,Mississippi,01,Democratic
Randy Weber,0.782608695652174,2.130434782608696,18,49,23,Texas,14,Republican
Rashida Tlaib,30.727436823104693,168.91335740072202,17023,93578,554,Michigan,13,Democratic
Raul Grijalva,3.361842105263158,6.6951754385964914,1533,3053,456,Arizona,03,Democratic
Raul Ruiz,3.0,4.0,3,4,1,California,36,Democratic
Renee Hoagenson,49.42959001782531,83.63725490196079,55460,93841,1122,Missouri,04,Democratic
Renee Hoyos,4.678403755868545,15.530516431924882,1993,6616,426,Tennessee,02,Democratic
Renee Zeno,7.974874371859296,30.959798994974875,1587,6161,199,New York,26,Republican
Richard Hudson,1.2,4.95,24,99,20,North Carolina,08,Republican
Richard Ojeda,21.279153534443942,86.67807294011706,47261,192512,2221,West Virginia,03,Democratic
Richmond Davis,0.7466666666666667,1.0933333333333333,56,82,75,Maryland,07,Republican
Rick Allen,2.0,2.4166666666666665,24,29,12,Georgia,12,Republican
Rick Crawford,2.238095238095238,4.976190476190476,94,209,42,Arkansas,01,Republican
Rick Green,2.720720720720721,7.0225225225225225,604,1559,222,Massachusetts,03,Republican
Rick Kennedy,5.1648148148148145,10.088888888888889,2789,5448,540,Texas,17,Democratic
Rick Larsen,0.659217877094972,2.2681564245810057,118,406,179,Washington,02,Democratic
Rick Neal,12.036511156186613,28.886409736308316,5934,14241,493,Ohio,15,Democratic
Ro Khanna,118.10603290676417,308.3217550274223,323020,843260,2735,California,17,Democratic
Rob Anderson,1.325242718446602,3.5485436893203883,273,731,206,Louisiana,03,Democratic
Rob Bishop,1.6842105263157894,4.842105263157895,32,92,19,Utah,01,Republican
Rob Davidson,27.615468409586057,77.80936819172113,25351,71429,918,Michigan,02,Democratic
Rob Wittman,1.9702970297029703,3.405940594059406,199,344,101,Virginia,01,Republican
Robert Kennedy Jr.,14.382716049382717,21.59567901234568,4660,6997,324,Alabama,01,Democratic
Rod Blum,2.3815789473684212,6.052631578947368,181,460,76,Iowa,01,Republican
Rodney Davis,3.473684210526316,7.7105263157894735,132,293,38,Illinois,13,Republican
Roger Allison,13.602173913043478,21.997826086956522,6257,10119,460,North Carolina,01,Republican
Roger Marshall,5.717299578059071,16.628691983122362,2710,7882,474,Kansas,01,Republican
Roger Williams,1.1044776119402986,3.2686567164179103,74,219,67,Texas,25,Republican
Ron Bassilian,3.1887287024901703,7.720401922236785,7299,17672,2289,California,37,Republican
Ron Estes,2.173076923076923,6.115384615384615,113,318,52,Kansas,04,Republican
Ronald DiNicola,11.37984496124031,19.751937984496124,1468,2548,129,Pennsylvania,16,Democratic
Ronald Wright,3.725806451612903,9.85483870967742,231,611,62,Texas,06,Republican
Rosa DeLauro,4.344827586206897,16.370689655172413,504,1899,116,Connecticut,03,Democratic
Ross Spano,1.3636363636363635,5.161616161616162,135,511,99,Florida,15,Republican
Ruben Gallego,144.78134556574923,597.3180428134557,94687,390646,654,Arizona,07,Democratic
Rudy Peters,5.09065934065934,7.458791208791209,1853,2715,364,California,15,Republican
Russ Fulcher,2.207547169811321,6.566037735849057,234,696,106,Idaho,01,Republican
Ryan McAdams,1.2916666666666667,3.09375,124,297,96,Virginia,04,Republican
Ryan Trundle,2.296,4.272,287,534,125,Louisiana,04,Democratic
Ryan Watts,13.79415501905972,25.581956797966964,10856,20133,787,North Carolina,06,Democratic
Salud Carbajal,2.0588235294117645,5.470588235294118,35,93,17,California,24,Democratic
Salvatore Caiozzo,1.4285714285714286,3.6122448979591835,140,354,98,Rhode Island,02,Republican
Sanjay Patel,10.556420233463035,19.90272373540856,2713,5115,257,Florida,08,Democratic
Sara Dady,11.132584269662921,23.725842696629215,4954,10558,445,Illinois,16,Democratic
Sarah Smith,33.62213740458015,107.45229007633588,35236,112610,1048,Washington,09,Democratic
Scott DesJarlais,0.2,1.2,2,12,10,Tennessee,04,Republican
Scott Peters,0.9,3.8333333333333335,27,115,30,California,52,Democratic
Scott Taylor,13.074589127686473,47.89633375474084,10342,37886,791,Virginia,02,Republican
Scott Tipton,0.6896551724137931,1.4827586206896552,20,43,29,Colorado,03,Republican
Scott Wallace,20.91545189504373,39.542274052478135,7174,13563,343,Pennsylvania,01,Democratic
Sean Carrigan,88.57538461538462,132.42,57574,86073,650,South Carolina,02,Democratic
Sean Casten,18.619764397905758,56.214005235602095,28451,85895,1528,Illinois,06,Democratic
Sean Duffy,3.787878787878788,11.56060606060606,1000,3052,264,Wisconsin,07,Republican
Sean Flynn,3.7523364485981308,10.523364485981308,803,2252,214,California,31,Republican
Seth Grossman,7.825714285714286,10.497142857142856,2739,3674,350,New Jersey,02,Republican
Seth Hall,5.347438752783964,8.538975501113585,2401,3834,449,Kentucky,04,Democratic
Seth Moulton,114.37042062415196,488.7720488466757,84291,360225,737,Massachusetts,06,Democratic
Sharice Davids,81.33916849015317,204.7253829321663,74344,187119,914,Kansas,03,Democratic
Shawna Roberts,4.611713665943601,14.232104121475054,6378,19683,1383,Ohio,06,Democratic
Shireen Ghorbani,14.737276478679505,31.221458046767538,32142,68094,2181,Utah,02,Democratic
Shirley McKellar,10.951781970649895,13.174004192872117,5224,6284,477,Texas,01,Democratic
Steny Hoyer,2.1724137931034484,5.517241379310345,126,320,58,Maryland,05,Democratic
Stephanie Murphy,10.566666666666666,34.0375,2536,8169,240,Florida,07,Democratic
Stephany Rose Spaulding,6.422839506172839,16.790123456790123,2081,5440,324,Colorado,05,Democratic
Steve Chabot,7.172413793103448,14.551724137931034,208,422,29,Ohio,01,Republican
Steve Cohen,2.2954545454545454,4.068181818181818,101,179,44,Tennessee,09,Democratic
Steve Ferrara,6.989247311827957,16.7921146953405,1950,4685,279,Arizona,09,Republican
Steve King,530.7242339832869,1196.991643454039,190530,429720,359,Iowa,04,Republican
Steve Negron,8.125,14.125,1755,3051,216,New Hampshire,02,Republican
Steve Scalise,2.5,22.166666666666668,15,133,6,Louisiana,01,Republican
Steve Stivers,2.558139534883721,9.930232558139535,110,427,43,Ohio,15,Republican
Steve Toft,1.103896103896104,2.9415584415584415,340,906,308,Wisconsin,03,Republican
Steve Von Loor,52.59507042253521,70.15492957746478,29874,39848,568,North Carolina,04,Republican
Steve Watkins,8.046153846153846,19.794871794871796,1569,3860,195,Kansas,02,Republican
Steve Womack,1.2045454545454546,5.295454545454546,53,233,44,Arkansas,03,Republican
Steven David,4.050269299820466,10.937163375224417,2256,6092,557,Texas,08,Democratic
Susan Boser,6.752941176470588,10.370588235294118,1148,1763,170,Pennsylvania,15,Democratic
Susan Brooks,1.6,8.15,32,163,20,Indiana,05,Republican
Susan Moran Palmer,6.102439024390244,18.878048780487806,1251,3870,205,Ohio,16,Democratic
Susan Wild,11.185714285714285,21.565714285714286,3915,7548,350,Pennsylvania,07,Democratic
Susie Lee,6.063444108761329,17.77240684793555,6021,17648,993,Nevada,03,Democratic
Suzan DelBene,1.1264367816091954,4.448275862068965,196,774,174,Washington,01,Democratic
Sylvia Garcia,7.844086021505376,17.976344086021506,7295,16718,930,Texas,29,Democratic
TJ Cox,15.101030927835051,29.28041237113402,7324,14201,485,California,21,Democratic
Tabitha Isner,17.929286190793864,34.15276851234156,26876,51195,1499,Alabama,02,Democratic
Talley Sergent,7.275862068965517,21.134301270417424,4009,11645,551,West Virginia,02,Democratic
Tammy Savoie,6.741839762611276,19.225519287833826,2272,6479,337,Louisiana,01,Democratic
Tatiana Matta,5.588486140724947,16.294243070362473,2621,7642,469,California,23,Democratic
Ted Budd,4.334841628959276,10.28054298642534,958,2272,221,North Carolina,13,Republican
Ted Deutch,147.58278145695365,565.3443708609271,44570,170734,302,Florida,22,Democratic
Tedra Cobb,8.833641404805915,23.03327171903882,4779,12461,541,New York,21,Democratic
Terri Sewell,3.764705882352941,7.745098039215686,384,790,102,Alabama,07,Democratic
Theresa Gasper,7.125581395348838,20.409302325581397,1532,4388,215,Ohio,10,Democratic
Thomas Massie,0.0,5.0,0,5,1,Kentucky,04,Republican
Thomas Oh,2.2548387096774194,5.441935483870968,699,1687,310,Virginia,08,Republican
Tim Burchett,4.959485530546623,36.62636655948553,15424,113908,3110,Tennessee,02,Republican
Tim Donnelly,41.61563876651982,87.24449339207048,37787,79218,908,California,08,Republican
Tim Gilpin,0.9533333333333334,2.6933333333333334,143,404,150,Oklahoma,01,Democratic
Tim Ryan,11.88265306122449,39.53061224489796,6987,23244,588,Ohio,13,Democratic
Tim Walberg,0.2,1.6,7,56,35,Michigan,07,Republican
Timothy Bjorkman,4.879350348027843,10.357308584686775,2103,4464,431,South Dakota,00,Democratic
Tobi Beck,13.220430107526882,27.39516129032258,4918,10191,372,Indiana,04,Democratic
Todd Litton,6.073394495412844,16.48165137614679,2648,7186,436,Texas,02,Democratic
Tom Emmer,3.736231884057971,13.104347826086956,1289,4521,345,Minnesota,06,Republican
Tom Graves,3.5714285714285716,8.392857142857142,200,470,56,Georgia,14,Republican
Tom MacArthur,16.15,39.55,323,791,20,New Jersey,03,Republican
Tom Malinowski,39.54862842892768,107.77057356608479,15859,43216,401,New Jersey,07,Democratic
Tom McClintock,1.8608695652173912,5.3478260869565215,214,615,115,California,04,Republican
Tom O'Halleran,10.173469387755102,18.632653061224488,997,1826,98,Arizona,01,Democratic
Tom Palzewicz,7.301916932907348,14.07667731629393,4571,8812,626,Wisconsin,05,Democratic
Tom Reed,0.6382978723404256,1.9858156028368794,90,280,141,New York,23,Republican
Tom Rice,1.3333333333333333,2.5,8,15,6,South Carolina,07,Republican
Tom Suozzi,2.064516129032258,7.774193548387097,256,964,124,New York,03,Democratic
Tony Cardenas,0.3448275862068966,1.4827586206896552,10,43,29,California,29,Democratic
Tracy Lovvorn,2.782608695652174,5.539130434782609,320,637,115,Massachusetts,02,Republican
Tracy Mitrano,10.270018621973929,21.666666666666668,5515,11635,537,New York,23,Democratic
Travis Wines,1.548476454293629,6.1024930747922435,559,2203,361,Michigan,05,Republican
Trey Hollingsworth,2.9375,11.6875,47,187,16,Indiana,09,Republican
Troy Balderson,36.06185567010309,86.49828178694158,10494,25171,291,Ohio,12,Republican
Tulsi Gabbard,251.1664275466284,608.0358680057388,175063,423801,697,Hawaii,02,Democratic
Val Demings,0.8,2.8,4,14,5,Florida,10,Democratic
Van Taylor,3.2651006711409396,12.177852348993289,973,3629,298,Texas,03,Republican
Vanessa Adia,11.714046822742475,29.86622073578595,7005,17860,598,Texas,12,Democratic
Vanessa Enoch,7.108374384236453,12.913793103448276,5772,10486,812,Ohio,08,Democratic
Vangie Williams,10.0401376146789,22.950688073394495,8755,20013,872,Virginia,01,Democratic
Veronica Escobar,12.532237673830593,41.33122629582807,9913,32693,791,Texas,16,Democratic
Vickie Yates Glisson,2.8551724137931034,10.717241379310344,414,1554,145,Kentucky,03,Republican
Vicky Hartzler,1.144,3.856,143,482,125,Missouri,04,Republican
Virginia Foxx,1.8846153846153846,3.5,49,91,26,North Carolina,05,Republican
Virginia Fuller,0.7647058823529411,1.3294117647058823,65,113,85,Florida,05,Republican
Walter Jones,0.27586206896551724,1.1551724137931034,16,67,58,North Carolina,03,Republican
Warren Davidson,0.0,1.0,0,1,1,Ohio,08,Republican
Wayne Liebnitzky,4.782608695652174,6.521739130434782,220,300,46,Florida,09,Republican
Wendy Rogers,7.324137931034483,11.332758620689654,4248,6573,580,Arizona,01,Republican
Will Hurd,2.423076923076923,9.288461538461538,126,483,52,Texas,23,Republican
William Devine III,0.0,0.13333333333333333,0,4,30,Maryland,05,Republican
William Tanoos,6.132075471698113,14.537735849056604,1300,3082,212,Indiana,08,Democratic
William Timmons,3.0,11.619047619047619,126,488,42,South Carolina,04,Republican
Xochitl Torres Small,14.654708520179373,42.56502242152467,3268,9492,223,New Mexico,02,Democratic
Young Kim,9.512345679012345,20.11111111111111,1541,3258,162,California,39,Republican
Yvette Clarke,2.1970443349753697,7.266009852216749,446,1475,203,New York,09,Democratic
Yvette Herrell,12.047619047619047,21.752380952380953,1265,2284,105,New Mexico,02,Republican
Yvonne Hayes Hinson,1.5948275862068966,4.732758620689655,185,549,116,Florida,03,Democratic
Zoe Lofgren,0.47058823529411764,1.411764705882353,8,24,17,California,19,Democratic
